단원명,문제번호,문제,정답,해설
1-3. 중 개,1,중개업이란 중개대상물에 대하여 거래당사자 간에 매매 교 환 임대차 그 밖의 권리의 득실변경에 관한 행위를 알선하는 것을 말한다.,X,맨 앞 단어를 잘 보네요 “중개“라고 해야
1-3. 중 개,2,중개행위에 해당하는지 여부는 진정으로 거래당사자를 위해 거 래를 알선 중개하려는 의사를 갖고 있었느냐고 하는 개업공인 중개사의 주관적 의사에 의해 결정된다.,X,마음속으로 진정으로 중개할 의사를 갖고 있었는지를 어떻게 알아요. 주관적 의사 아니라 객관적 사회통념에 따라 판단해요.
1-4. 공인중개사,3,공인중개사는 이 법에 의한 공인중개사 자격을 취득하고 중개 업을 영위하는 자를 말한다,X,공인중개사 자격을 취득한 자를 말한다
1-4. 공인중개사,4,공인중개사는 공인중개사 자격을 취득하고 중개사무소의 개실 등록을 한 자를 말한다.,X,만 말한다라고 읽으면 된다.
1-4. 공인중개사,5,공인중개사자격을 취득한 자는 중개사무소의 개설등록 여부와 관계없이 공인중개사에 해당한다.,O,개업공인중개사는 아니지만 공인중개사 에 해당해요
1-4. 공인중개사,6,개업공인중개사는 이 법에 의하여 중개사무소 개설등록을 한 공인중개사를 말한다.,X,"지문처럼 정의하면 중개사무소 개설등록 을 한 공인중개사만 개업공인중개사이고 법인인 개공과 부칙상 개공은 개업공인중 개사 아니라는 의미 되므로 들린 지 문이 되는 것이며, 중개사무소 개설등록 한 자로 정의해야 옳아요."
1-4. 공인중개사,7,개업공인중개사라 함은 공인중개사 자격을 지고 중개를 업으 로 하는 자를 말한다.,X,중개사무소 개설등록을 한 자를 말한다
1-5. 소속공인중개사/ 중개보조원,8,개업공인중개사인 법인의 사원 또는 임원으로서 공인중개사인 자는 소속공인중개사에 해당하지 않는다.,X,아니긴요. 법인의 사원 또는 임원인 공인 중개사는 소속공인중개사예요.
1-5. 소속공인중개사/ 중개보조원,9,개업공인중개사인 법인의 임원으로서 공인중개사인 자 중개 업무를 수행하는 경우에는 개업공인중개사에 해당한다.,X,개업공인중개사 아니라 소속공인중개사예요.
1-5. 소속공인중개사/ 중개보조원,10,소속공인중개사는 개업공인중개사에 소속된 공인중개사로서 중개업무와 관련된 현장안내 및 단순한 업무를 보조하는 자를 말한다,X,"를 말한다로 끝날 때는 수행 이 빠지면 안 돼요 보조하는 자만 소공이라는 말이 되 니까요 중개업무를 수행하거나, 중개업무 를 보조하는 자를 말한다로 해야 맞아요"
1-5. 소속공인중개사/ 중개보조원,11,중개보조원이란 공인중개사 아닌 자로서 개업공인중개사에 소속되어 중개대상물에 대한 현장안내와 중개대상물의 확인 설명의무를 부담하는 자를 말한다.,X,중개보조원은 말을 하면 안 돼요. 확인 설명은 못해요.
1-6. 중개대상물 여부,12,아트의 분양예정자로 선정될 수 있는 지위를 리키는 입주권,X,중요해.
1-6. 중개대상물 여부,13,주택이 철거될 경우 택지개발지구 내에 이주자택지를 공급받을 지위인 대토권,X,중요해.
1-6. 중개대상물 여부,14,근저당권이 설정되어 있는 피담보채권,X,근저당권은 금전채권은 X
1-6. 중개대상물 여부,15,2톤 미만의 선박,X,대상아님
1-6. 중개대상물 여부,16,점유,X,대상아님
1-6. 중개대상물 여부,17,등기된 환매권,O,대상
1-6. 중개대상물 여부,18,분묘기지권,X,대상아님
2-1. 정책심의위원회,19,국토교통부에 심의위원회를 두어야 한다. ,X,둘 수 있다.
2-1. 정책심의위원회,20,위원은 위원장이 임명하거나 위촉한다. ,X,위원의 임명(위측)권자는 국토교통부장관!
2-1. 정책심의위원회,21,심의위원회는 위원장 1명을 제외하고 7명 이상 11명 이내의 위 원으로 구성한다.,X,위원장 포함하여 7월 11일
2-1. 정책심의위원회,22,심의사항에는 중개보수 변경에 관한 사항이 포함된다.,O,공부손수
2-1. 정책심의위원회,23,심의위원회에서 중개보수 변경에 관한 사항을 심의한 경우 시 도지사는 이에 따라야 한다. ,X,"공인중개사의 시험 등 공인중개사의 자 격취득에 관한 사항을 심의한 경우에만 시 , 도지사는 이에 따라야 해요."
2-1. 정책심의위원회,24,심의사항에는 중개보수 변경에 관한 사항이 포함된다.,X,위원장 포함하여 7월 11일
2-1. 정책심의위원회,25,심의위원회에서 중개보수 변경에 관한 사항을 심의한 경우 시 도지사는 이에 따라야 한다.,O,공부손수
2-1. 정책심의위원회,26,위원이 속한 법인이 해당 안건의 당사자의 대리인이었던 경우 그 위원은 위원회의 심의 의결에서 제척된다.,O,"증언, 진술, 자문, 조사. 연구. 용역. 감정 제적사유예요."
2-1. 정책심의위원회,27,위원회 위원장은 위원이 제척사유에 해당하는 데에도 불구하고 회피하지 아니한 경우에는 해당 위원을 해측할 수 있다.,O,위원 본인이나 위원이 속한 법인(단체)이 해당 안건 당사자의 법무대리인 또는 법 무대리인이었다면 제적사유 돼요.
2-1. 정책심의위원회,28,심의위원회의 위원장이 부득이한 사유로 직무를 수행할 수 없 을 때에는 부위원장이 그 직무를 대행한다.,X,위원의 임명권자 및 해측권자는 국장
2-1. 정책심의위원회,29,"심의위원회의 회의는 재적위원 과반수의 출석으로 개의하고, 출석위원 과반수의 찬성으로 의결한다. ",X, 협회에서 공제사업 운영위원회에서는 부위 원장이 직무를 대행. 정책심의위원회는 위원 장이 미리 지명한 위원(정미지)이 대행해의
"2-2, 공인중개사 시험 제도",30,시 도지사 시험을 시행하려는 경우에는 정책심의위원회의 의결을 미리 거쳐야 한다,X,"심의위원회 의결: 심의위원회 위원 기피 신청, 국토교통부장관이 시험 시행. 해당 연도 시험 시행하지 아니하고자 할 때"
"2-2, 공인중개사 시험 제도",31,시험은 매년 1회 이상 시행해야 하나 부득이한 사정이 있는 경 우 정책심의위원회의 의결을 거쳐 해당 연도에는 시행하지 않 을수있다.,O,전 여친 빼주세요. 장관이 문제 내고 싶어요.
"2-2, 공인중개사 시험 제도",32,시 도지사는 자격시험 합격자의 결정 공고일부터 2개월 이 내에 시험합격자에 관한 사항을 공인중개사자격증교부대장에 기재한 후 자격증을 교부해야 한다.,X,결정 공고일부터 1개월 이내 교부해요.
"2-2, 공인중개사 시험 제도",33,"공인중개사자격증의 재교부를 신청하는 자는 재교부신청서를 국토교통부장관에게 제출해야 한다,",X,"자격증 재교부신청, 자격취소, 자격정지 처분은 모두 자격증을 교부한 시 도지사
자격증 재교부는 교부한 시 도지사에게
등록증 재교부는 등록관청(사무소 관할 시장 군수 또는 구청장)에게 해야죠. "
"2-2, 공인중개사 시험 제도",34,공인중개사 아닌 자로서 공인중개사 명칭을 사용한 자는 1년 이하의 징역 또는 1천만원 이하의 벌금에 처한다.,O,아닌 자는 모두 1-1이에요.
2-3. 자격증 대여 및 유사명칭,35,다른 사람에게 자기의 성명을 사용하여 중개업무를 시키면 자격정지처분사유에 해당한다.,X,"성명, 자격증 양도, 대여: 자격취소"
"2-4. 실무교육, 직무교육, 연수교육, 예방교육",36,실무교육과 연수교육은 시 도지사 실시한다.,O,"실무교육과 연수교육은 시 , 도지사만 실시/직무교육은 시 도지사 또는 등록관청 실시 "
"2-4. 실무교육, 직무교육, 연수교육, 예방교육",37,개업공인중개사 되려는 자의 실무교육시간은 26시간 이상 32시간 이하이다.,X,"실무 28~32, 직무 3~4, 연수 12~16"
"2-4. 실무교육, 직무교육, 연수교육, 예방교육",38,실무교육을 실시하려는 실시기관은 교육일 2개월 전까지 교육 의 일시 장소 내용 등을 대상자에게 통지해야 한다.,X,연수교육을 실시하는 시 도지사는 2년 이 되기 2개월 전까지 통지해야 해요. 부동산거래사고 예방교육을 실시하려는 관 청은 교육일 1일 전까지 통지해야 해요.
"2-4. 실무교육, 직무교육, 연수교육, 예방교육",39,실무교육을 받는 것은 중개사무소 개설등록의 기준에 해당한다.,O,등록기준은 등록신청 전에 미리 갖출 요 건을 말해요. 등록신청일 전 1년 이내에 미리 받아야 하니 등록기준이 맞지요.
"2-4. 실무교육, 직무교육, 연수교육, 예방교육",40,실무교육을 받은 개업공인중개사는 실무교육을 받은 후 2년마 다 시 도지사 실시하는 직무교육을 받아야 한다.,X,연수교육을 받아야죠.
"2-4. 실무교육, 직무교육, 연수교육, 예방교육",41,소속공인중개사는 실무교육을 받은 후 2년마다 등록관청이 실시하는 연수교육을 받아야 한다.,X,연수교육은 시 도지사
"2-4. 실무교육, 직무교육, 연수교육, 예방교육",42,연수교육을 정당한 사유 없이 받지 않으면 500만원 이하의 과 타로를 부과한다.,O,시 도지사 500만 이하의 과태료를 부과해요
"2-4. 실무교육, 직무교육, 연수교육, 예방교육",43,등록관청은 개업공인중개사 등의 부동산거래사고 예방을 위한 교육을 실시할 수 없다.,X,"예방교육은 국토교통부장관, 시 도지사 또는 등록관청이 개업공인중개사 등을 대 상으로 실시해요. 예방주사는 3차까지 1 일 간격으로 전원 다 맞아~"
"2-4. 실무교육, 직무교육, 연수교육, 예방교육",44,시 도지사 부동산거래사고 예방을 위한 교육을 실시하려는 경우에는 교육일 7일 전까지 교육일시 교육장소 및 교육내용 을 교육대상자에게 통지하여야 한다.,X,예방교육은 1일 전까지. 에라는 글자 안에 1일 들어 있어요.
"2-4. 실무교육, 직무교육, 연수교육, 예방교육",45,"국토교통부장관, 시 도지사, 등록관청은 개업공인중개사 등에 대한 부동산거래사고 예방 등의 교육을 위하여 교육 관련 연구에 필요한 비용을 지원할 수 있다.",O,예방교육만 교육비 지원할 수 있어요
"3-1. 등록신청자, 등록관청, 등록기준",46,중개사무소 개설등록신청서 서식의 개업공인중개사 종별은 법 인과 공인중개사만 있다.,O,공인중개사 및 법인만 등록을 신청할 수 있으니까요.
"3-1. 등록신청자, 등록관청, 등록기준",47,소속공인중개사는 중개사무소를 두려는 지역을 관할하는 등록 관청에 개설등록을 신청할 수 없다. ,O,공인중개사(소속공인중개사 제외) 또는 법 인만 등록을 신청할 수 있다.
"3-1. 등록신청자, 등록관청, 등록기준",48,법인 아닌 사단은 개설등록을 할 수 있다.,X,공인중개사 또는 법인이 아닌 자는 개설 등록을 신청할 수 없으니까요.
"3-1. 등록신청자, 등록관청, 등록기준",49,자본금 5천만원인상법상 합자회사는 개설등록을 신청할 수 있다,O,상법상 주식 유한 유한책임 합명 합자회사는 개설등록을 할 수 있어요.
"3-1. 등록신청자, 등록관청, 등록기준",50,중개업 및 토지의 분양대행을 영위할 목적으로 설립된 법인은 개설등록을 신청할 수 있다.,X,"법인은 법 제14조에 규정된 업무만 경업 할 목적으로 설립되어야 개설등록이 능 하며, 토지 분양대행은 겸업할 수 없어요  "
"3-1. 등록신청자, 등록관청, 등록기준",51,"법인의 경우 대표자는 공인중개사이어야 하며, 대표자를 포함 한 임원 또는 사원의 3분의 1 이상은 공인중개사이어야 한다.",X,"대표자를 제외한 자주 출제돼요,"
"3-1. 등록신청자, 등록관청, 등록기준",52,대표자를 제외한 임원 또는 사원이 7명이라면 그중 2명이 공인 중개사이면 된다.,O,대표자 제외하고 7명이니 3분의 1 이상 되려면 3명 이상이어야겠죠.
3-2. 등록절차,53,등록관청은 개설등록을 하고 등록신청을 받은 날로부터 7일 이 내에 등록신청인에게 중개사무소등록증을 교부해야 한다.,X,7일 이내에 서면으로 통지해야 해요.
3-2. 등록절차,54,광역시장은 개설등록을 한 자에 대하여 법령에 따라 중개사무 소등록증을 교부해야 한다.,X,광역시장이 보이면 시 도지사라고 읽으세요. 등록관청 . 중개사무소를 두려는 지역을 관할하는 시장(구 설치되지 아니 한 시의 시장과 특별자치도 행정시의 시 장을 말함) 군수 또는 구청장
3-2. 등록절차,55,등록관청은 중개사무소등록증을 교부하기 전에 개설등록을 한 자 손해배상책임을 보중하기 위한 조치(보증)를 하였는지 여 부를 확인해야 한다.,O,등록관청은 보증의 설정 여부를 확인한 드로즈으 지체 없이 교부해야 한다.
3-2. 등록절차,56,등록관청이 중개사무소등록증을 교부한 때에는 이 사실을 다음 달 1일까지 국토교통부장관에게 통보해야 한다.,X,"등록관청이 공인중개사협회에 통보 등록증교부. 이전신고, 분사무소 설치신고, 고용신고, 종료신고, 휴업 페업신고, 등록취소, 업무정지"
3-2. 등록절차,57, 공인중개사인 개업공인중개사 법인인 개업공인중개사로 종 별을 달리하여 업무를 하고자 등록신청서를 다시 제출하는 경 우 종전의 등록증은 반납하지 않아도 된다.,X,공인중개사인 개공 및 법인인 개공이 종 별을 변경하려면 등록신청서를 다시 제출 해야 하고 종전의 등록증은 반납해야 해요
3-2. 등록절차,58,등록관청은 이중으로 등록된 중개사무소의 개설등록을 취소해 야 한다.,O,이중으로 중개사무소 개설등록. 절등취
3-2. 등록절차,59,"A군에서 중개사무소 개설등록을 하여 중개업을 하고 있는 자 다시 A군에서 개설등록을 한 경우, 이중등록에 해당한다.",O,A군+A군. B군+C군 모두 이중등록임.
3-2. 등록절차,60,개업공인중개사 중개사무소등록증을 타인에게 대여한 경우 공인중개사 자격의 취소사유 된다. ,X,"자격증 대여: 자격취소 
등록증 대여 : 절대적 등록취"
"3-3. 결격사유인 경우O , 아닌 경우 X",61,도로교통법을 위반하여 금고 2년의 실형을 선고받고 그 집행이 종료된 날부터 3년이 지나지 아니한 자,X,"집행종료 + 3년, 집행면제 + 3년 결격"
"3-3. 결격사유인 경우O , 아닌 경우 X",62,사기죄로 징역형의 실형선고를 받고 그 집행이 면제된 날부터 2년이 지난자,O,"집행면제된 날부터 3년간 결격이에요,"
"3-3. 결격사유인 경우O , 아닌 경우 X",63,금고형의 집행유예를 받고 그 유예기간이 만료된 날부터 1년이 된자,O,집행유예기간이 만료된 날부터 2년이 되 지 아니한 자는 결격이에요.
"3-3. 결격사유인 경우O , 아닌 경우 X",64,사기죄로 징역 2년형을 선고받고 그 형의 집행이 3년간 유예된 후 그 유예기간이 종료된 공인중개사,O,집행유예기간 종료 후 2년이 되지 아니한 자는 결격 
"3-3. 결격사유인 경우O , 아닌 경우 X",65,형법상 사기최로 3만원의 벌금형을 선고받고 3년이 지나 지 아니한 자,X,공인중개사법이 아닌 타법으로 벌금형 받으면 무조건 결격이 아네요.
"3-3. 결격사유인 경우O , 아닌 경우 X",66,공인중개사법을 위반하여 2만원의 벌금형을 선고받고 2년 이된자,X,공인중개사법위반이라도 3만원 미 만 벌금형이면 결격이 아니죠. 자격취소 후 3년이 되지 않으면 결격
"3-3. 결격사유인 경우O , 아닌 경우 X",67,중개사무소등록증을 대여한 것을 이유로 중개사무소 개설등록 이 취소되고 3년이 지나지 아니한 자,O,"거짓 부정 등록국 등록증 대여. 이중등록, 이중소속 등으로 등록이 취소된 자는 등록취소 후 3년간 결격이에요."
"4-1. 중개사무소 설치, 명칭 및 성명 표기의무 등",68,법인이 아닌 개업공인중개사 그 관할 구역 외의 지역에 분사 무소를 설치하기 위해서는 등록관청에 신고하여야 한다. ,X,법인이 아닌 개업공인중개사는 분사무소 를 둘 수 없으니까요.
"4-1. 중개사무소 설치, 명칭 및 성명 표기의무 등",69,법인인 개업공인중개사는 사무소의 명칭에 공인중개사사무소 또는 부동산중개라는 문자를 사용해야 한다.,O,법인인 개공과 공인중개사인 개공중 선택해요.
"4-1. 중개사무소 설치, 명칭 및 성명 표기의무 등",70,법 제7638호 부칙 제6조 제2항에 따른 개업공인중개사는 그 사무소의 명칭에 공인중개사사무소 및 부동산중개라는 문자를 사용하여서는 아니 된다.,X,아저씨도 개업공인중개사이므로 부동산 중개는 사용할 수 있어요. 이것조차 사용 하지 못하면 뭐라고 쓰라는 말인지. 
"4-1. 중개사무소 설치, 명칭 및 성명 표기의무 등",71,"개업공인중개사 아닌 자 부동산중개라는 명칭을 사용한 경우, 3년 이하의 징역 또는 3천만원 이하의 벌금에 처한다.",X,"개공이면 과태료, 아닌 자는 1-1"
"4-1. 중개사무소 설치, 명칭 및 성명 표기의무 등",72,"중개사무소 개설등록을 하지 않은 공인중개사 부동산중개 라는 명칭을 사용한 경우, 국토교통부장관은 그 명칭이 사용된 간판의 철거를 명할 수 있다.",X,사무소 명칭표시 위반과 성명표기를 위반 한 경우 등록관청은 간판의 철거를 명할 수 있어요.
"4-1. 중개사무소 설치, 명칭 및 성명 표기의무 등",73,"등록관청이 위법하게 설치된 사무소간판의 철거를 명하였음에도 이를 철거하지 않는 경우, 그 철거절차는 민사집행법에 따 라야 한다.",X,행정대집행법에 따라 대집행을 할 수 있어요.
"4-1. 중개사무소 설치, 명칭 및 성명 표기의무 등",74,"공인중개사인 개업공인중개사 사무소의 명징에 공인중개사 사무소 또는 부동산중개라는 문자를 사용하지 않은 경우, 이 는 개실등록의 취소사유에 해당한다.",X,"사무소 명칭 관련 위반은 개공이면 100과, 개업공인중개사 아닌 자는 1-1"
"4-1. 중개사무소 설치, 명칭 및 성명 표기의무 등",75,개업공인중개사는부치세법 시행령에 따른 사업자등록 증을 해당 중개사무소 안의 보기 쉬운 곳에 게시해야 한다.,O,"등록증 원본, 자격증 원본, 중개보수요율되 보증설정 증명서류, 사업자등록증"
4-2. 중개대상물의 표시 광고 등,76,개업공인중개사는 중개대상물에 대한 표시 광고에 중개사무 소의 소재지를 명시해야 한다.,O,"사무소 명칭, 소재지, 연락처, 등록번호, 성명 표기 의무"
4-2. 중개대상물의 표시 광고 등,77,"법인인 개업공인중개사 중개대상물 표시 , 광고를 하는 경우 대표자의 성명을 명시할 의무 없다.",X,대표자의 성명을 명시해야죠.
4-2. 중개대상물의 표시 광고 등,78,인터넷을 이용하여 표시 광고를 하는 경우 중개사무소에 관한 사항은 명시하지 않아도 된다.,X,인터넷을 이용하든 이용하지 않든 중개사 무소와 개업공인중개사에 관한 사항은 항상 명시해야 해요.
4-2. 중개대상물의 표시 광고 등,79,인터넷을 이용하여 표시 광고를 하는 경우 중개대상물의 소재 지를 명시해야 한다.,O,"중개대상물 종류, 소재지. 면적, 격, 거 래형태, 건축물의 총 층수, 사용승인, 방 향, 방 개수, 욕실 개수, 입주능일. 주차 대수. 관리비"
4-2. 중개대상물의 표시 광고 등,80,"중개대상물에 대한 표시 , 광고를 위하여 대통령령으로 정해진 사항의 구체적인 표시 광고 방법은 국토교통부장관이 정하여 고시한다.",O,구체적인~ 세부적인~ 이러면 무조건 국 토교통부장관이 정하여 고시하는~
4-2. 중개대상물의 표시 광고 등,81,중개대상물의 내용을 사실과 다르게 거짓으로 표시 광고한 자 를 신고한 자는 포상금 지급 대상이다.,X,부당한 표시 광고인 존존존빠다과자는 5과태료 외엔 아무것도 없어요.
4-2. 중개대상물의 표시 광고 등,82,수시 모니터링 업무는 모니터링 기본계획서에 따라 분기별로 실시하는 모니터링을 말한다.,X,"기본 모니터링은 분기별로 실시하는 모니터링, 수시 모니터링은 국장이 필요하다 고 판단하여 실시하는 모니터링"
4-2. 중개대상물의 표시 광고 등,83,국토교통부장관은 인터넷 표시 광고 모니터링 업무 수행에 필 요한 전무인력과 전담조직을 갖췄다고 국토교통부장관이 인정 하는 단체에게 인터b^引표시 광고 모니터링 업무를 위탁할 수 있다.,O,"국장-모니터링 업무 위탁(공정민인정) : 공공기관, 정부출연연구기관,민법상 비영리법인, 국장이 인정하는 기관 단체"
4-2. 중개대상물의 표시 광고 등,84, 모니터링 기관은 수시 모니터링 업무를 수행한 때에는 업무 완료한 날부터 3일 이내에 결과보고서를 국토교통부장관에게 제출해야 한다.,X,"결과보고서 제출: 기본(분기 마지막 날부 터 3일 이내), 
수시(업무 완료한 날부터 15일 이내)"
4-2. 중개대상물의 표시 광고 등,85,모니터링 기관으로부터 조사 및 조치의 요구를 받은 시 도지 사 및 등록관청은 조사 및 조치를 완료한 날부터 15일 이내에 그 결과를 국토교통부장관에게 통보해야 한다. ,X, 1일. 아래 그림을 보세요
4-4. 분사무소 설치 및 이전,86,A광역시甲구에 주된 사무소 소재지를 둔 법인인 개업공인중개 사는 A광역시乙구에 분사무소를 둘 수 없다.,X,광역시에는 여러 개의 구 있을 테니甲구를 제외한 나머지 구에 분사무소를 각 각 1개소씩 들 수 있죠.甲구 안에만 분사 무소를 둘 수 없어요.
4-4. 분사무소 설치 및 이전,87,분사무소의 설치신고서에는 보증의 설정을 증명할 수 있는 서류를 첨부해야 한다.,X,"등록신청시 제출은
분사무소 설치신고시 제출"
4-4. 분사무소 설치 및 이전,88,분사무소의 책임자인 공인중개사는 등록관청이 실시하는 실무 교육을 받아야 한다.,X,실무교육 실시권자는 누구? 시 도지사 
4-4. 분사무소 설치 및 이전,89,법인인 개업공인중개사 등록관청의 관할 구역 외의 지역에 분사무소를 두기 위해서는 등록관청의 허가를 받아야 한다,X,분사무소는 설치신고
4-4. 분사무소 설치 및 이전,90,"분사무소의 설치신고를 받은 등록관청은 그 신고내용이 적합한 경우에는 국토교통부령으로 정하는 신고확인서를 교부해야 한다,",O,"자격증, 등록증, 신고확인서 서식은 모두 국토교통부령에 있어요. 국토교통부령으 로 정하는 자격증, 등록증, 신고확인서를 교부해야 한다는 모두 옳아요."
4-4. 분사무소 설치 및 이전,91,분사무소의 설치신고를 하는 자는 국토교통부령으로 정하는 바 에 따라 수수료를 납부해야 한다.,X,"지방자치단체 조례로 정하는 수수료. 시 도지사 시행하는 시험에 응시할 때, 개설등록을 신청할 때, 분사무소 설치 신고를 할 때 조례로 수수료 납부"
4-4. 분사무소 설치 및 이전,92,분사무소 이전신고를 하려는 법인인 개업공인중개사는 중개사 무소등록증을 점부해야 한다.,X,중개사무소 이전신고: 중개사무소등록증 첨부 분사무소 이전신고: 분사무소설치신고 확인서 첨부
4-4. 분사무소 설치 및 이전,93,분사무소의 이전신고를 받은 등록관청은 지체 없이 그 분사무 소의 이전 전 및 이전 후의 소재지를 관할하는 시장 군수 또는 구청장에게 그 사실을 통보해야 한다.,O,분사무소 설치절차 및 이전절차는 주고 받고 통보
4-5. 법인인 개공 겸업 가능여부,94,상업용 건축물의 임대관리,O,가능
4-5. 법인인 개공 겸업 가능여부,95,주택의 임대업,X,불가능
4-5. 법인인 개공 겸업 가능여부,96,상업용 건축물의 분양대행,O,가능
4-5. 법인인 개공 겸업 가능여부,97,국세징수법에 의한 공매대상 부동산에 대한 취득의 알선,O,가능
4-5. 법인인 개공 겸업 가능여부,98,의뢰인에게 경매대상 부동산을 취득시카기 위하여 개업공인중개사 자신의 이름으로 직접 매수신청을 하는 행위 ,X,매수신청대리
4-6. 개공의 겸업,99,법인인 개업공인중개사 겸업제한을 위반할 경우 중개사무소 개설등록을 취소할 수 있다.,O,옳은지문
4-6. 개공의 겸업,100,모든 개업공인중개사는 상업용 건축물의 분양대행을 겸업할 수 있다,O,"5개 업무는 모든 개업공인중개사 겸업 할 수 있어요,"
4-6. 개공의 겸업,101,"모든 개업공인중개사는 다른 개업공인중개사를 대상으로 한 중 개업의 경영기법의 제공업무를 겸업할 수 있다. 공인중개사인 개업공인중개사는 주택의 분양대행을 하 수 있다,",O,5개는 개업공인중개사 겸업할 수 있다
4-6. 개공의 겸업,102,모든 개업공인중개사는 대법원규칙이 정하는 요건을 갖추어 등 록하면 경매대상 부동산의 매수신청의 대리를 할수 있다.,X,X 부칙상 개공은 경 공매 업무 못해요.
4-6. 개공의 겸업,103,공인중개사인 개업공인중개사는 지방법원에 등록하지 않더라도 경매 부동산의 권리분석 및 취득의 알선을 할수 있다.,O,"경매 매수신청대리를 위해서만 법원에 등록해야 하고, 법원에 등록하지 않아도 경매권리분석 및 취득의 알선은 능해요."
4-6. 개공의 겸업,104,법인인 개업공인중개사 경매 대상 부동산의 매수신청대리를 하려면 대법원규칙이 정하는 요건을 갖추어 등록관청에 등록해 야 한다.,X,경매 매수신청(입찰신청)대리를 하려면 대법원규칙이 정하는 요건을 갖추어 법원 에 등록
4-6. 개공의 겸업,105,소속공인중개사를 고용하려는 개업공인중개사는 고용 전에 미리 등록관청에 신고해야 한다.,X,고용한 때에는 업무개시 전까지 신고
4-6. 개공의 겸업,106,개업공인중개사는 소속공인중개사와 고용관계 종료된 때에 는 고용관계 종료된 날부터 10일 이내에 등록관청에 신고해 야 한다.,O,종료일부터 1일. 해어지면 기분 나빠 쉽일
4-6. 개공의 겸업,107,개업공인중개사 소속공인중개사의 고용 신고를 할 때에는 해당 소속공인중개사의 실무교육 수료확인증을 제출하여야 한다.,X,"고용신고를 받은 등록관청이 교육의 수료 여부를 확인해야 하므로 제출하지 않아요. 
분사무소 설치신고시에는 제출"
4-6. 개공의 겸업,108,"개업공인중개사는 중개보조원을 고용한 경우, 등록관청에 신고 한 후 업무개시 전까지 등록관청이 실시하는 직무교육을 받도 혹해야 한다",X,고용 - 교육수료- 고용신고
4-6. 개공의 겸업,109,중개보조원의 고용신고를 받은 등록관청은 그 사실을 공인중개사협회에 통보해야 한다.,O,"등록관청이 협회에 통보해야 할 사항에 고용신고, 고용관계 종료신고도 포함"
4-6. 개공의 겸업,110,개업공인중개사와 소속공인중개사를 합한 수의 5배를 초과하여 중개보조원을 고용한 개업공인중개사에 대하여는 업무정지 처분을 할수 있다.,X," 오: 절등취 1-1, 업무정지"
4-6. 개공의 겸업,111,"중개보조원이 현장안내를 함에 있어서 중개의뢰인에게 본인이 중개보조원임을 알리지 아니한 경우, 시 도지사는 5만원 이하의 과태료를 부과한다.",X,알: 등록관청 - 5과
4-6. 개공의 겸업,112,중개보조원의 모든 행위는 그를 고용한 개업공인중개사의 행위로 본다,X,모든 추정한다X
4-6. 개공의 겸업,113,"중개보조원이 중개업무와 관련된 행위를 함에 있어서 과실로 거래당사자에게 손해를 입한 경우, 그를 고용한 개업공인중개 사는 자신의 고의 또는 과실이 없는 경우에도 손해배상 책임이 있다. ",O,중개보조원은 민법상 불법행위자로서 의 손해배상책임을 져야하고 개업공인중개사는 무과실 책임을 져요.
4-6. 개공의 겸업,114,중개보조원의 업무상 행위 법령을 위반하더라도 중개보조원 에게 업무정지처분을 명할 수 있는 규정이 없다.,O,중개보조원은 행정처분을 받지 않아요.
4-8. 인장,115,소속공인중개사는 업무개시일부터 7일 이내에 중개행위에 사용할 인장을 등록해야 한다.,X,업무개시 전
4-8. 인장,116,개업공인중개사는 중개사무소 개설등록 후에도 업무를 개시하 기 전이라면 중개행위에 사용할 인장을 등록할 수 있다. ,O,인장등록은 업무개시 전까지 하면 되기 때문에 이렇게 표현해도 맞아요
4-8. 인장,117,소속공인중개사의 인장등록은 소속공인중개사에 대한 고용신고와 같이 할수 있다. ,O,가능
4-8. 인장,118,소속공인중개사 등록하여야 할 인장의 크기는 로 세로 각 각 7일리미터 이상 3일리미터 이내이어야 한다. ,O,"공인중개사인 개공, 부칙상 개공, 소공은 모두 7미리 3미리 "
4-8. 인장,119,법인인 개업공인중개사 등록해야 할 인장은상업등기규칙에 따라 신고한 법인 대표자의 인장이어야 한다.,X,상업등기규칙에 따라 신고한 법인의 인장
4-8. 인장,120,법인인 개업공인중개사의 인장등록은상업등기규칙에 따른 인감증명서의 제출로 갈음할 수 없다.,X,법인은 갈음한다. 이렇게 외우세요.
4-8. 인장,121,"개업공인중개사 등록하지 아니한 인장을 사용한 경우, 등록 관청은 1년의 범위 안에서 업무의 정지를 명할수 있다.",X,"6개월의 범위 안에서 개공: 업무정지, 소공: 자격정지"
4-8. 인장,122," 법인의 소속공인중개사 등록하지 아니한 인장을 사용한 경 우, 6개월의 범위 안에서 자격정지처분을 받을 수 있다,",O,모든 자격정지처분은 6개월의 범위 안에서 할 수 있다(법률). 그리고 인장위반의 경 우 국토교통부령에 정해진 자격정지 기준 기간은 3개월이에요.
4-8. 인장,123,개업공인중개사 등록한 인장을 변경한 경우 변경일부터 1일 이내에 그 변경된 인장을 등록관청에 등록해야 한다.,X,"인장은 7이 두 번7mm,7일"
"4-9. 휴업, 페업, 휴업기간 변경, 중개업의 재개 신고",124,"중개사무소 개설등록 후 3개월을 초과하여 업무를 개시하지 않 을 경우, 미리 휴업신고를 해야 한다.",O,등록 후 업무를 개시하지 않는 것 = 휴업
"4-9. 휴업, 페업, 휴업기간 변경, 중개업의 재개 신고",125,5개월의 휴업신고를 하고자 하는 때에는 국토교통부령이 정하 는 신고서에 중개사무소등록증을 점부해야 한다,O,모든 신고서는 국토교통부령에 있고 휴업 신고서와 페업신고서에는 등록증 청부
"4-9. 휴업, 페업, 휴업기간 변경, 중개업의 재개 신고",126,"6개월을 초과하여 휴업을 할 수 있는 사유는 취학, 질병으로 인 한 요양, 징집으로 인한 입영, 임신 또는 출산에 한한다.",X,그 밖의 이에 준하는 부득이한 사유로서 국토교통부장관이 고시하는 사유 있는 경우도 능해요.
"4-9. 휴업, 페업, 휴업기간 변경, 중개업의 재개 신고",127,휴업신고는 전자문서로 할 수 있다.,X,휴업 및 페업신고는 등록증을 침부해야 하니 전자문서 안 돼요
"4-9. 휴업, 페업, 휴업기간 변경, 중개업의 재개 신고",128,휴업한 중개업의 재개신고는 전지문서에 의한 신고를 할 수 없다.,X,"전자문서: 휴업기간 변경신고. 3개월을 초과하여 휴업한 중개업의 재개신고, 고용신고, 인장등록 및 인장변경등록"
"4-9. 휴업, 페업, 휴업기간 변경, 중개업의 재개 신고",129,"부동산중개업 페업신고서를 작성하는 경우에는 페업기간, 부동 산중개업 휴업신고서를 작성하는 경우에는 휴업기간을 기재하 여야 한다.",X,페업신고는 미리 해야 하므로 페업신고서에는 페업일을 기재해야 하는 것이에요.
"4-9. 휴업, 페업, 휴업기간 변경, 중개업의 재개 신고",130,분사무소의 페업신고를 하는 경우 분사무소설치신고확인서를 청부해야 한다.,O,분사무소의 3개월 초과 휴업 또는 폐업신고서에는 분사무소설치신고확인서 청부
"4-9. 휴업, 페업, 휴업기간 변경, 중개업의 재개 신고",131,휴업기간 변경신고를 하려면 중개사무소등록증을 휴업기간변 경신고서에 청부하여 제출해야 한다.,X,휴업신고 또는 페업신고를 할 때 등록증 을 첨부해요 휴업기간 변경신고할 때 등록증을 청부한다고 틀리게 잘 내요.
"4-9. 휴업, 페업, 휴업기간 변경, 중개업의 재개 신고",132,중개사무소 재개신고를 받은 등록관청은 반납받은 중개사무소 등록증을 즉시 반환해야 한다.,O,공인중개사법에서 딱 한 번 나오는 즉시
"4-9. 휴업, 페업, 휴업기간 변경, 중개업의 재개 신고",133,페업신고를 하지 않고 폐업한 개업공인중개사에 대하여는 과대 료를 부과한다.,O,"폐업과 그 친구들(휴업. 폐업, 중개업의 재 개. 휴업기간 변경신고)을 위반하면 1만 원 이하의 과태료"
"4-9. 휴업, 페업, 휴업기간 변경, 중개업의 재개 신고",134,등록관청은 개업공인중개사 대통령령으로 정하는 부득이한 사유 없음에도 계속하여 6개월을 초과하여 휴업한 경우 중개 사무소의 개설등록을 취소할 수 있다,O,휴업과 보증은 쎈것은 임등취
5-1. 일반중개계약,135,중개의뢰인은 일반중개계약을 체결하면서 거래예정격을 포 함한 일반중개계약서의 작성을 요청할 수 있다.,O,중개의뢰인은 개업공인중개사에게 위 수준을 기재한 일반중개계약서의 작성을 요청할 수 있다.
5-1. 일반중개계약,136,중개의뢰인은 일반중개계약서에 개업공인중개사 준수해야 할 사항의 기재를 요청할 수 없다.,X,위가수준1. 중개대상물의 위치 및 규모 2. 거래예정가격 3. 중개보수 4. 의뢰인과 개업공인중개사 준수해야 할 사항
5-1. 일반중개계약,137,일반중개계약은 표준이 되는 서식이 정해져 있다.,O,"국토교통부장관은 일반중개계약의 표준 서식을 정하여 그 사용을 권장할 수 있다. 라고 되어 있으며 법령에 표준서식은 정 해저 있어요 다만, 사용할 의무 없질"
5-1. 일반중개계약,138,일반중개계약서는 국토교통부장관이 정한 표준이 되는 서식을 사용해야 한다.,X,표준서식은 있는데 사용할 의무 없음.
5-1. 일반중개계약,139,개업공인중개사 일반중개계약을 체결한 때에는 중개의뢰인 에게 2주일에 1회 이상 중개업무 처리상황을 문서로 통지해야한다.,X,전속중개계약일 때 개공의 의무예요.
5-1. 일반중개계약,140,부동산중개계약은민법상 위임계약과 유사하다. ,O,판례예요. 
5-2. 전속중개계약,141,전속중개계약은 국토고통부령으로 정하는 계약서에 의해야 한다.,O,법정서식을 사용해야 할 의무 있어요.
5-2. 전속중개계약,142,개업공인중개사는 체결된 전속중개계약서를 5년간 보존해야 한다,X,3년
5-2. 전속중개계약,143,"중개의뢰인이 비공개를 요청하지 않은 경우, 개업공인중개사는 전속중개계약 체결 후 2주 내에 부동산에 관한 정보를 부동산 거래정보망 또는 일간신문에 공개해야 한다.",X,7일 이내 정보공개. 2주에 1회 이상 업무 처리상황 문서로 통지
5-2. 전속중개계약,144,개업공인중개사 중개대상물의 정보를 일간신문에 공개한 때 에는 지체 없이 중개의뢰인에게 그 사실을 문서로 통지해야 한다.,O," 전속계약 후 7일 이내에 정보망 또는 일 간신문에 정보를 공개해야 하고, 정보를 공개한 때에는 지체 없이 의뢰인에게 그 내용을 문서로 통지해야 해요."
5-2. 전속중개계약,145,전속중개계약 체결 후 개업공인중개사 공개해야 할 정보에는 도로 및 대중교통수단과의 연계성이 포함된다.,O,"도로 및 대중교통수단과의 연계성, 시 장 학교 등과의 근접성 등 입지조건"
5-2. 전속중개계약,146,임대차에 대한 전속중개계약을 체결한 개업공인중개사는 중개 대상물의 공시지를 공개해야 한다.,X,임대차의 경우 공시지를 공개하지 아니 할 수 있어요 매매의 경우 공개해야 해요
5-2. 전속중개계약,147,"전속중개계약은 법령이 정하는 계약서에 의하여야 하며, 중개 의뢰인과 개업공인중개사 모두 서명 또는 날인한다.",O,일반(전속)중개계약서에는 개업공인중개 사와 중개의뢰인 둘이서 서명 또는 날인
5-2. 전속중개계약,148," 전속중개계약서에는 개업공인중개사 서명 또는 날인하되, 소 속공인중개사 있는 경우 소속공인중개사 함께 서명 또는 날인해야 한다.",X,소공은 일반(전속)중개계약서 등장인물이 아니에외 소공은 확인 설명서와 거래계 약서를 작성한 경우 서명 및 날인
5-2. 전속중개계약,149,전속중개계약에 정하지 않은 사항에 대하여는 중개의뢰인과 개 업공인중개사 합의하여 별도로 정할 수 있다.,O,일반/전속 양 서식에 공통으로 들어 있는 말이에요.
5-2. 전속중개계약,150,중개의뢰인은 개업공인중개사 중개대상물 확인 설명 의무를 이행하는 데 협조해야 한다.,O,일반/전속 양 서식에 공통 의뢰인의 의무이고 중요해요.
5-2. 전속중개계약,151,개업공인중개사 국토교통부령으로 정하는 전속중개계약서에 의하지 아니하고 전속중개계약을 체결한 경우 등록관청은 개설 등록을 취소할 수 있다.,X,서셔서는 순수 업무정지 :전속중개계약셔 사용 보존 확인 설명서 교부 보존 서명 및 날만거래계약셔 교부 보존 서명 및 날인
5-2. 전속중개계약,152,전속중개계약을 체결한 개업공인중개사 중개의뢰인의 비공 개 요청에도 중개대상물의 정보를 공개한 경우 등록관청은 개 설등록을 취소할 수 있다.,O,우리 임이랑 전부쳐 먹자.
5-3. 일반중개계약서 및 전속중개계약서,153,일반중개계약이든 전속중개계약이든 중개계약이 체결된 경우 모두 법정서식을 사용해야 한다.,X,"일반중개계약서는 표준서식을 사용할 의 무 없지만, 전속중개계약서는 반드시 표준서식을 사용해야 해요."
5-3. 일반중개계약서 및 전속중개계약서,154,일반중개계약서와 전속중개계약서 서식상의 개업공인중개사의 손해배상책임에 관한 기술 내용은 동일하다.,O,"양 서식은 유중배 유효기간, 중개보수의 기재. 개공의 손해배상책임에 관한 기술 내용은 같아요."
5-3. 일반중개계약서 및 전속중개계약서,155, 표준서식인 일반중개계약서와 전속중개계약서에는 개업공인중 개사 중개보수를 과다수령시 그 차액의 환급을 공통적으로 규정하고 있다.,O,유중배는 공통 개업공인중개사의 배상책임에 기술된 내용
5-3. 일반중개계약서 및 전속중개계약서,156,일반(전속)중개계약서 서식에는 개업공인중개사 중개대상물 의 확인 설명의무를 이행하는 데 중개의뢰인이 협조해야 함을 명시하고 있다.,O,양 서식에 2. 중개의뢰인의 권리의무에 있는 내용이고 공통으로 있어의 잘 익혀둬야 해요
5-3. 일반중개계약서 및 전속중개계약서,157,일반(전속)중개계약서의 기재란에는 권리이전용과 권리취득용과 구분되어 있다. ,O,"권리이전용(표시, 권리, 공법, 소유자, 중개 의뢰금액), 권리취득용(희망물건의 종류, 취득희망격, 희망지역"
5-4. 중개대상물 확인 설명,158,개업공인중개사는 중개 완성되기 전에 거래당사자 쌍방에게 중개대상물을 성실 정확하게 확인 설명하고 서면으로 제시 해야 한다,X,"확인 , 설명은 중개 완성되기 전에, 권 리를 취득하려는 의뢰인에게"
5-4. 중개대상물 확인 설명,159,개업공인중개사는 중개대상물에 대한 확인 설명을 중개 완 성된 후 해야 한다,X,완성되기 전에
5-4. 중개대상물 확인 설명,160,개업공인중개사 성실 정확하게 확인 설명을 하지 아니하 면 업무정지사유에 해당한다. (,X,"성실 정확하게 설명하지 않거나 근거자 료를 제시하지 않은 경우 개공이면 5 만원 이하의 과태료, 소공이면 자격정지 "
5-4. 중개대상물 확인 설명,161,"중개업무를 수행하는 소속공인중개사 성실 , 정확하게 중개 대상물의 확인 설명을 하지 않은 것은 소속공인중개사의 자격 정지사유에 해당한다.",O,3 해설 보세요.
5-4. 중개대상물 확인 설명,162,개업공인중개사는 매도의뢰인이 중개대상물의 상태에 관한 자료 요구에 불응한 경우 그 사실을 매수의뢰인에게 설명해야 한다.,O,"자료요구에 불용하면 불응사실을 매수 임차 의뢰인에게 설명하고 확인 설명서 에 기재해야 해요. 
설명하거나X"
5-4. 중개대상물 확인 설명,163,토지이용계획은 주거용 건축물 매매계약의 중개 의뢰를 받은 개업공인중개사 확인 설명해야 할 사항에 포함되지 않는다.,X,"특정, 권리, 공법 / 상태, 상태 / 환경, 입 지 / 거래예정금액 / 취득조세, 중개보수, 토지이용계획, 바닥면, 관주인"
5-4. 중개대상물 확인 설명,164,시장 학교와의 근접성 등 중개대상물의 입지조건은 개업공인 중개사 확인 설명해야 하는 사항에 해당한다.,O,옳은지문
5-4. 중개대상물 확인 설명,165,권리를 이전함에 따라 부담하야 할 조세의 종류 및 세율은 확 인 설명 사항에 포함된다.,X,취득함에 따라 부담해야 할 조세를 설명 해야 해요. 이전조세 X 보유조세 X
5-4. 중개대상물 확인 설명,166,개업공인중개사는 중개보수 및 실비의 금액과 그 산출내역을 확인설명해야 한다:,O,중개보수 실비 및 산출내역은 확인 설명 및 확인 설명서 기재사항이에요.
5-4. 중개대상물 확인 설명,167, 관리비의 금액과 그 산출내역은 주택의 매매계약을 중개하는 개업공인중개사 확인 설명해야 할 사항에 해당하지 않는다,O,"관주인은 주택 임대차 중개시에만 설영해 야 할 사항이다. 관리비, 주임법(임대인의 정보제시 의무, 보증금 중 일정액 보화, 주민등록법(전입세대확인서 제출), 민간 임대주택에 관한 특별법(보증)"
5-4. 중개대상물 확인 설명,168," 개업공인중개사는 중개 완성되어 거래계약서를 작성하는 때, 확인 설명사항을 서면으로 작성하여 거래당사자에게 교부하 고 5년 동안 원본, 사본 또는 전자문서를 보존해야 한다.",X,확인 설명서 3년. 거래계약서 5년. 거래 계약서를 묻는 지문이 아니고 확인 설명 서의 보존의무를 묻는 것임을 주의해요.
5-4. 중개대상물 확인 설명,169,"해당 중개행위를 한 소속공인중개사 있는 경우, 확인 , 설명 서에 개업공인중개사와 소속공인중개사 함끼| 서명 또는 날인 해야한다",X,서명 및 날인
5-5. 주거용 건축물 확인 설명서,170,대상물건이 위반건축물인지 여부는 등기사항증명서를 확인하여 적는다,X,주거용 건축물 및 비주거용 건축물 확 인 설명서에 있어요. 위반건축물 여부는 건축물대장을 확인해야죠.
5-5. 주거용 건축물 확인 설명서,171,건축물의 내진설계 적용 여부와 내진능력은 개업공인중개사 기 본 확인사항이다.,O,"기본 확인사항의 대상물건의 표시에 있 는 항목이고, 주거용과 비주거용 확인 설명서에 공통으로 있는 항목이에요."
5-5. 주거용 건축물 확인 설명서,172,매매의 경우 건페율 상한 및 용적률 상한은 토지이용계획확인 서를 확인하여 적는다.,X,시군 조례를 확인하여 기재한다. 잘 나오는 지문이구요. 임대차의 경우에는 생략할 수 있기 때문에 임대차의 경우 적 어야 한다고 하면 틀려요.
5-5. 주거용 건축물 확인 설명서,173,"매매의 경우 도시 군계획시설, 지구단위계획구역, 그 밖의 도시 군관리계획은 개업공인중개사 확인하여 적는다,",O,지문 그대로 익혀야 해요.
5-5. 주거용 건축물 확인 설명서,174,공부에서 확인할 수 없는 사항은 부동산종합공부시스템 등을 확인하여 적는다.,O,지문 그대로 익혀두세요.
5-5. 주거용 건축물 확인 설명서,175,"입지조건, 관리에 관한 사항 및 비선호시설은 매도(임대)의뢰인 에게 자료를 요구하여 확인한 사항을 적는다. ",X,기본 확인사항이므로 개업공인중개사 확인하여 적어야 한다.
5-5. 주거용 건축물 확인 설명서,176,"거래예정금액은 중개 완성된 때 거래금액을 적는다,",X, 완성되기 전 거래예정금액을 적는다.
5-5. 주거용 건축물 확인 설명서,177,임대차의 경우 개별공시지 및 건물(주택)공시격을 개업 공인중개사 확인하여 적어야 한다.,X,임대차의 경우 기재를 생략할 수 있어요
5-5. 주거용 건축물 확인 설명서,178,취득시 부담할 조세의 종류 및 세율은 개업공인중개사 확인 한 사항을 적는다.,O,기본 확인사항이니까요.
5-5. 주거용 건축물 확인 설명서,179,관리비는 임대차 확인사항에 적는다.,X,임대차 확인사항(일세대최민요). 관리비 는 관리에 관한 사항에 적어요
5-5. 주거용 건축물 확인 설명서,180,"권리관계의 등기부기재사항은 개업공인중개사 기본 확인사항 에, 실제권리관계 또는 공시되지 않은 물건의 권리사항은 개 업공인중개사 세부 확인사항에 적는다.",O,권리관계는 기본. 실제권리관계는 세부
5-5. 주거용 건축물 확인 설명서,181,실제권리관계 및 공시되지 아니한 물건의 권리사항은 매도(임 대)의뢰인이 고지한 사항을 기재한다.,O,실제권리관계 및 공시되지 않은 물건의 권라 는 4지 서식에 공통으로 있는 공통 서부  세부 확인사항은 매도(임대)의뢰인에게
5-5. 주거용 건축물 확인 설명서,182,중개대상물에 법정지상권이 있는지 여부는 실제 권리관계 또 는 공시되지 않은 물건의 권리 사항란에 개업공인중개사 직 접 확인한 사항을 적는다.,X,자료를 요구하여 적어야 해요.
5-5. 주거용 건축물 확인 설명서,183,벽면 바닥면 및 도배상대는 매도(임대)의뢰인에게 자료를 요 구하여 확인한 사항을 적는다.,O, 세부니까요.
5-5. 주거용 건축물 확인 설명서,184,환경조건은 중개대상물에 대해 개업공인중개사 매되임대) 의뢰인에게 자료를 요구하여 확인한 사항을 적는다.,O, 세부: 실내벽환 현장안내
5-5. 주거용 건축물 확인 설명서,185,중개보수는 거래예정금액을 기준으로 계산하여 적는다. ,O,거래예정금액이란걸 주의
5-5. 주거용 건축물 확인 설명서,186,개업공인중개사 중개대상물 확인 설명서를 교부하지 아니 한 경우는 중개사무소 개설등록 취소사유에 해당한다.,X,셔셔셔 순수 업무정지
"5-6. 비주거용, 토지, 입광공 확인 설명서",187,비주거용 건축물 확인 설명서 서식에서 내진설계 적용 여부 는 기본 확인사항이다.,O,내진설계 적용 여부는 주거용과 비주거용 에 있어요.
"5-6. 비주거용, 토지, 입광공 확인 설명서",188,비주거용 건축물 서식의 개업공인중개사 기본 확인사항에는 비선호시설(Ikm 이내)이 있는지 여부를 표시해야 한다.,X,"비주거용 확인 설명서에는 비선호시설을 기재하지 않아요 비에는 비 없다,"
"5-6. 비주거용, 토지, 입광공 확인 설명서",189,비주거용 건축물 서식에서 실제권리관계 또는 공시되지 않은 물건의 권리 사항은 세부 확인사항이다.,O, 이 항목은 모든 확인 설명서 공통 세부
"5-6. 비주거용, 토지, 입광공 확인 설명서",190,비주거용 건축물 서식에서 단독경보형감지 설치 여부는 세 부 확인사항이다.,X," 소방(세부) : 주거용(단독경보형감지기), 비주거용(소화전, 비상벨)"
"5-6. 비주거용, 토지, 입광공 확인 설명서",191,비주거용 건축물 서식에서 환경조건(일조량 소음 진동)은 세부 확인사항이다.,X, 환경조건은 주거용에만 적는 세부예요.
"5-6. 비주거용, 토지, 입광공 확인 설명서",192,비주거용 건축물 서식에서 관리비는 개업공인중개사 기본 확 인사항이다.,X, 관리비는 주거용 건축물 확인 설명서에 만 있어요.
"5-6. 비주거용, 토지, 입광공 확인 설명서",193,비주거용 건축물 서식에서 계약갱신요구권 행사 여부는 개업 공인중개사 기본 확인사항이다. ,O,"주거용: 임대차 확인사항:일세대최민요
비주거용: 권리관계(민요)"
"5-6. 비주거용, 토지, 입광공 확인 설명서",194,비주거용 건축물 서식에서 현장안내는 개업공인중개사 세부 확인사항이다.,X,현장안내는 주거용 건축물 확인 설명서 에만 있어요.
"5-6. 비주거용, 토지, 입광공 확인 설명서",195, 토지용에는 대상토지 ikm 이내의 비선호시설 존재 유무를 확 인하여 적는다.,O, 비선호시설은 주거용이랑 토지용에만 기 재해요. 텔레토비
"5-6. 비주거용, 토지, 입광공 확인 설명서",196,입목 광업재단 공장재단 서식에는 입지조건에 관한 사항의 기재란이 없다.,O," 도대차교. 도대체 도대, X 입목 , 광업 공장재단 서식에는 없음."
"5-6. 비주거용, 토지, 입광공 확인 설명서",197,매매의 경우 취득시 부담할 조세의 종류 및 세율은 모든 확인 설명서 서식에 공통으로 기재해야 할 사항이다.,O, 공통 기재사항이며 임대차라면 적지 않아 도 돼
5-7. 거래계약서,198,"개업공인중개사 거래계약서를 작성할 때에는 국토교통부장
관이 정하는 표준서식에 따라야 한다.",X,거래계약서는 법정서식 없음.
5-7. 거래계약서,199,"공인중개사협회는 개업공인중개사 작성하는 거래계약서의
표준이 되는 서식을 정하여 그 사용을 권장할 수 있다.",X,"국토교통부장관은 거래계약서의 표준서식을 정해 그 사용을 권장할 수 있다. 다 만, 법령에 국토교통부장관이 정한 거래 계약서의 표준서식은 없어요."
5-7. 거래계약서,200,"공인중개사법 시행규칙에 개업공인중개사 작성하는 거래
계약서의 표준이 되는 서식이 정해져 있다.",X,법정서식이 없다니까요.
5-7. 거래계약서,201,"개업공인중개사는 중개 완성되기 전이라도 거래계약서를 작
성·교부할 의무 있다. ",X,"중개 완성된 때에만 거래계약서를 작 성·교부해야 하고, 중개 완성되기 전 에는 함부로 작성·교부해서는 안 된다."
5-7. 거래계약서,202,"개업공인중개사는 중개대상물에 대하여 중개 완성된 때에만
거래계약서를 작성·교부해야 한다. ",O,판례에요. 중개 완성되지 않았는데도 짜 전세계약서를 작성·교부한 사건이 며 손해배상책임을 져야 한다는 내용임.
5-7. 거래계약서,203,"거래계약서의 보존의무를 위반한 경우 등록관청은 중개사무소
의 개설등록을 취소할 수 있다.",X,셔셔셔거래계약서 작성·교부×보존× 서명 및 날인×는 모두 순수 업무정지
5-7. 거래계약서,204,개업공인중개사 거래금액을 거짓으로 기재하면 중개사무소 개설등록이 취소될 수 있다.,O,"거짓기재, 둘 계약서 쎈셔’는 임등취"
5-7. 거래계약서,205,"개업공인중개사 하나의 거래계약에 대하여 서로 다른 둘이 상의 거래계약서를 작성한 경우, 등록관청은 중개사무소의 개 설등록을 취소하여야 한다.",X,임등취사유이므로 등록을 취소하여야 한 다는 틀려요.
5-7. 거래계약서,206,거래계약서 공인전자문서센터에 보관된 경우를 제외하고 개 업공인중개사는 거래계약서를 3년간 보존해야 한다.,X,거래계약서는 5년 동안 보존
5-7. 거래계약서,207,개업공인중개사 거래계약서에 서명과 날인 중 어느 한 지 를 하지 아니한 경우에는 업무정지사유 된다.,O,판례예요.
5-7. 거래계약서,208,법인의 분사무소에서 소속공인중개사에 의해 중개 완성된 경 우 거래계약서에 대표자와 해당 중개업무를 수행한 소속공인중 개사 함께 서명 및 날인해야 한다.,X,분사무소 뜨면 무조건 책임자
5-7. 거래계약서,209,"공동중개의 경우, 참여한 개업공인중개사 모두 거래계약서에 서명 또는 날인해야 한다.",X,이제 실수 안 할 때 됐죠. 서명 및 날인
5-7. 거래계약서,210,거래계약서에는 거래예정금액을 기재해야 한다.,X,"거래금액, 계약금액 및 지급일자 등 지급 에 관한 사항은 거래계약서 기재사항 거래예정금액은 확인·설명서 기재사항"
5-7. 거래계약서,211,계약의 기한이 있는 경우에는 기한을 거래계약서에 기재해야 한다.,O,조건 또는 기한 중 하나만 출제할 때 많아요. 조~기
5-7. 거래계약서,212,거래계약서에는 취득시 부담할 조세의 종류 및 세율을 기재해 야한다.,X,"인적 사항. 물건의 표시, 계약일, 인도일 시, 권리이전의 내용, 거래금액·계약금 액 및 지급일자. 그 밖의 약정내용 확 인·설명서교부일자, 조건 또는 기간"
5-7. 거래계약서,213,당사자의 담보책임을 면제하기로 한 경우 그 약정을 거래계약 서에 기재해야한다.,O,그 밖의 약정내용을 묻는 지문이에요.
5-7. 거래계약서,214,중개대상물 확인·설명서 교부일자는 거래계약서 기재사항이 아니다.,X,쉬운데 여러 번 나온 거예요.
5-8. 계약금 등의 반환채무이행의 보장,215,계약금 등의 예치는 거래계약의 이행이 완료될 때까지로 한다.,O,옳은지문
5-8. 계약금 등의 반환채무이행의 보장,216,예치대상은 계약금·중도금 또는 잔금이다.,O,"계약금등(=계약금, 중도금 또는 잔금)"
5-8. 계약금 등의 반환채무이행의 보장,217,개업공인중개사는 거래당사자에게 공인중개사법에 따른 공 제사업을 하는 자의 명의로 계약금 등을 예치하도록 권고할 수 없다.,O,예치명의자(개공 공제사업자 은행 보험회 사 신탁업자 체신관서 전문회사) 예치기관(공제사업자 금융기관 신탁업자)
5-8. 계약금 등의 반환채무이행의 보장,218,계약금 등을 예치하는 경우 보험업법에 따른 보험회사 명의 로 금융기관에 예치할 수 있다.,O,예치명의자(개공 공은보신체전문회사) 예치기관(공금신)
5-8. 계약금 등의 반환채무이행의 보장,219,계약금 등 예치하는 경우 우체국예금·보험에 관한 법률에 따른 체신관서 명의로 공제사업을 하는 공인중개사협회에 예치 할 수도 있다.,O,개공과 공은보신체 전문회사~ 공금신
5-8. 계약금 등의 반환채무이행의 보장,220,"계약금을 개업공인중개사의 명의로 예치하는 경우, 계약이행의 완료 또는 계약해제 사유로 인한 계약금의 인출에 대한 거래당 사자의 동의방법을 약정해야 한다.",O,"개업공인중개사 명의로 예치하는 경우: 계약이행완료 또는 계약 해제시 인출의 동의방법 약정, 실비 약정, 거래 안전에 필요한 사항 약정해야 해요."
5-8. 계약금 등의 반환채무이행의 보장,221,계약금 등을 개업공인중개사 명의로 예치하는 경우 개업공인중 개사는 거래당사자의 동의 없이 이를 인출할 수 있다.,X,어디에 쓰시게요
5-8. 계약금 등의 반환채무이행의 보장,222,계약금 등을 예치하는 데 소요되는 실비는 특별한 약정이 없는 한매도인이 부담한다.,X,예치제도는 매수인(임차인)을 보호하기 위 한 제도예요. 반환채무이행의 보장에 소요 되는 실비는 매수·임차 취득의뢰인에게 청구할 수 있어요.
5-9. 손해배상책임,223,개업공인중개사 등이 아닌 제3자의 중개행위로 거래당사자에 게 재산상 손해 발생한 경우 그 제3자는 이 법에 따른 손해배 상책임을 진다.,X,개공 및 고용인이 아닌 자로 인하여 발생 한 손해는 보증기관에 청구할 수 없어요.
5-9. 손해배상책임,224,개업공인중개사(고용인 포함) 아닌 사람에게는 이 법령에 따 른 손해배상책임이 발생하지 않는다. ,O,옳은지문
5-9. 손해배상책임,225,개업공인중개사 중개행위를 함에 있어서 거래당사자에게 재 산상 손해 발생한 경우 고의·과실과 관계없이 그 손해를 배 상해야 한다.,X,개공이 직접 중개행위를 한 경우이므로 개공의 고의나 과실이 없으면 책임을 지 지않아요.
5-9. 손해배상책임,226,부동산 매매계약을 중개하고 계약금 및 중도금 지급에도 관여 한 개업공인중개사 잔금 중 일부를 횡령한 경우 이 법에 따른 손해배상책임이 있다.,O,"관여, 횡령은 사회통념상 중개행위에 해 당하니 공제금 지급하라는 판례예요."
5-9. 손해배상책임,227,중개행위인지 여부는 개업공인중개사 진정으로 거래당사자 를 위하여 거래를 알선·중개하려는 의사를 갖고 있었느냐에 의하여 결정된다.,X,중개행위인지 여부는 개업공인중개사 진정으로 거래당사자 를 위하여 거래를 알선·중개하려는 의사를 갖고 있었느냐에 의하여 결정된다.
5-9. 손해배상책임,228,개업공인중개사는 자기의 중개사무소를 다른 사람의 중개행위 의 장소로 제공함으로써 거래당사자에게 재산상의 손해를 발생 하게 한 때에는 그 손해를 배상할 책임이 없다.,X,개업공인중개사는 자기의 중개사무소를 다른 사람의 중개행위 의 장소로 제공함으로써 거래당사자에게 재산상의 손해를 발생 하게 한 때에는 그 손해를 배상할 책임이 없다.
5-10. 보증 제도,229,개업공인중개사는 업무개시 후 즉시 손해배상책임의 보장을 위 하여 보증보험 또는 공제에 입해야 한다.,X,업무를 개시하기 전
5-10. 보증 제도,230,중개의뢰인에 대한 보증설정은 중개업무 개시와 동시에 해야 한다.,X,업무를 개시하기 전
5-10. 보증 제도,231,"개업공인중개사의 손해배상책임을 보장하기 위한 보증보험 또 는 공제 입, 공탁은 중개사무소 개설등록신청을 할 때 해야 한다.",X,등록을 한 때에는 업무를 시작하기 전에 보증은 중개사무소 개설등록기준(×)
5-10. 보증 제도,232,개업공인중개사는 업무를 개시하기 전에 손해배상책임을 보장 하기 위하여 법령이 정한 조치를 하여야 한다.,O,업무개시 전에
5-10. 보증 제도,233,개업공인중개사 보증설정신고를 할 때 등록관청에 제출해야 할 증명서류는 전자문서로 제출할 수 없다.,X,"손해배상책임보증(설정·변경) 신고서에 보증보험증서 사본, 공제증서 사본 또는 공탁증서 사본을 첨부해야 하는데, 증명 서류를 전자문서로도 제출할 수 있어요."
5-10. 보증 제도,234,보증기관이 보증사실을 등록관청에 직접 통보한 경우라도 개업 공인중개사는 등록관청에 보증설정신고를 해야 한다.,X,"통보까지 해주었는데 굳이 신고를 생략
할 수 있어요."
5-10. 보증 제도,235,손해배상책임을 보장하기 위한 공탁금은 개업공인중개사 폐 업한 날부터 5년이 경과해야 회수할 수 있다. ,X,3년 이내 회수할 수 없으니 3년이 경과해 야 회수 가능
5-10. 보증 제도,236,"분사무소한 개를 설치한 법인인 개업공인중개사 손해배상책 임의 보장을 위해 공제에 입하는 하는 경우, 총 6억원 이상을 입해야 한다.",O,"주된 사무소 4억원 이상, 분사무소마다 2 억원 이상 추가"
5-10. 보증 제도,237,다른 법률의 규정에 따라 중개업을 할 수 있는 법인이 부동산중 개업을 하는 경우 업무보증설정을 하지 않아도 된다.,X,다른 법률에 따라 중개업 할 수 있는 법인 도 업무개시 전에 2천만원 이상 보증설정 해서 등록관청에 신고까지 해야 해요.
5-10. 보증 제도,238,개업공인중개사 보증을 다른 보증으로 변경하고자 하는 경우 에는 이미 설정한 보증의 효력이 만료되는 즉시 다른 보증을 설 정해야 한다.,X,이미 설정한 보증의 효력 있는 기간 중에 라고 해야해요
5-10. 보증 제도,239,공제에 입한 개업공인중개사로서 보증기간의 만료로 다시 보 증을 설정하고자 하는 자는 그 보증기간 만료 후 15일 이내에 다시 보증을 설정해야 한다. ,X,만료로 인한 재설정은 만료일까지 다시 보증을 설정해야해요.
5-10. 보증 제도,240,개업공인중개사는 중개 완성되기 전에 거래당사자에게 손해 배상책임의 보장에 관한 사항을 설명해야 한다.,X,중개 완성된 때 손해배상책임 보장에 관해 설명하고 보증관계증서 사본을 교부 하거나 전자문서를 제공해야 해요.
5-10. 보증 제도,241,개업공인중개사는 중개 완성된 때에는 거래당사자에게 손해 배상책임의 보장기간을 설명해야 한다.,O,"중개 완성된 때 세 지 설명: 보장금 액, 보장기간, 보증보험회사·공제사업을 행하는 자·공탁기관 및 그 소재지"
5-10. 보증 제도,242,개업공인중개사는 보증보험금 또는 공제금으로 손해배상을 한 때에는 3일 이내에 보증보험 또는 공제에 다시 입하거나 공 탁을 해야 한다. ,X,5일 이내
5-10. 보증 제도,243,개업공인중개사 보증보험금으로 손해배상을 한 때에는 그 보 증보험에 다시 입해야 하며 다른 공제에 입할 수 없다.,X,보증보험금 또는 공제금으로 손해배상 →15일 이내에 보증보험 또는 공제에 다시 입하거나 공탁을 해야 한다. 공탁금으로 손해배상15일 이내에보 증보험 또는 공제에 입하거나 공탁금 중 부족하게 된 금액을 보전해야 한다.
5-10. 보증 제도,244,개업공인중개사의 손해배상책임은 입한 보증보험의 보장금 액을 한도로한다.,X,개업공인중개사는 의뢰인에게 발생한 손 해 전부에 대해 책임을 져야 해요
5-10. 보증 제도,245,개업공인중개사 손해배상책임을 보장하기 위한 조치를 이행 하지 아니하고 업무를 개시한 경우는 업무정지사유에 해당하지 않는다.,X,"손해배상책임을 보장하기 위한 조치를 이 행하지 않고= 보증설정을 하지 않고 ※보증 쎈 것은 임등취, 약한 것은 1과 임등취사유는 업무정지처분도 능해요."
"5-11. 금지행위인 것은 ○, 아닌 것은 ×",246,건축물의 매매를 업으로 하는 행위 입목에 관한 법률에 따른 입목의 매매를 업으로 하는 행위,O,"중개대상물의 매매업은 금지행위. 토 지, 건축물, 입목, 광업재단, 공장재단매 매업은 금지행위로 풀면 돼요~"
"5-11. 금지행위인 것은 ○, 아닌 것은 ×",247,중개사무소 개설등록을 하지 않고 중개업을 영위하는 자인 사 실을 알면서 그를 통하여 중개를 의뢰받는 행위,O,"무등록중개업자임을 알면서 그를 통해 중 개의뢰를 받거나, 그에게 자기의 명의를 이용하게 한행위"
"5-11. 금지행위인 것은 ○, 아닌 것은 ×",248,상업용 건축물의 분양을 대행하고 법정 중개보수 또는 실비를 초과하여 금품을 받는 행위,X,양대행은 중개업이 아니니까 분양대행 을 하고 중개보수를 초과해서 받은 경우 는 금지행위 아니라고 풀어야 해요
"5-11. 금지행위인 것은 ○, 아닌 것은 ×",249,사례금 명목으로 법령이 정한 한도를 초과하여 중개보수를 받는 행위,O,어떠한 명목으로도 초과하면 위반
"5-11. 금지행위인 것은 ○, 아닌 것은 ×",250,중도금의 일부만 납부된 아트 분양권의 매매를 중개하고 총 분양대금과 프리미엄을 합산한 금액을 거래금액으로 하여 중개 보수를 받은행위(,O,계약금+ 기납부한 중도금 + 프리미엄을 거래금액으로 해야해요
"5-11. 금지행위인 것은 ○, 아닌 것은 ×",251,관계 법령에서 양도·알선 등이 금지된 부동산의 분양과 관련 있는 증서의 매매를 중개하는 행위(,O,판매명수 관직쌍투꾸단
"5-11. 금지행위인 것은 ○, 아닌 것은 ×",252,개업공인중개사 소유자로부터 거래에 관한 대리권을 수여받 은 대리인과 중개대상물을 직접 거래하는 행위,O,중개의뢰인의 대리인(수임인)과 직접계 약해도 중개의뢰인과 직접거래예요.
"5-11. 금지행위인 것은 ○, 아닌 것은 ×",253,주택임대차계약에서 임대의뢰인과 임차의뢰인을 대리해 계약을 체결한 행위,O,이건 쌍방대리인 금지행위
"5-11. 금지행위인 것은 ○, 아닌 것은 ×",254,개업공인중개사 甲이 매도인으로부터 매도중개의뢰를 받은 개 업공인중개사 乙의 중개로 ×부동산을 매수한 행위,X,다른 개업공인중개사의 중개로 매도· 매 수하는 행위는 직접거래 아니에요.
"5-11. 금지행위인 것은 ○, 아닌 것은 ×",255,탈세 등 관계 법령을 위반할 목적으로 미등기 부동산의 매매를 중개하여 부동산투기를 조장하는 행위,O,미등기 전매를 중개했단 얘기죠. 투기조 장행위는 금지행위(3-3)
"5-11. 금지행위인 것은 ○, 아닌 것은 ×",256,"중개의뢰인이 중간생략등기의 방법으로 전매하여 세금을 포탈 하려는 것을 개업공인중개사 알고도 투기목적의 전매를 중개 하였으나, 전매차익이 발생하지 않은 경우 그 중개행위(",O,전매차익이 없더라도 미등기 전매를 중개 하면 투기조장행위라는 판례예요.
"5-11. 금지행위인 것은 ○, 아닌 것은 ×",257,제3자에게 부당한 이익을 얻게 할 목적으로 거짓으로 거래 완료된 것처럼 꾸미는 등 중개대상물의 시세에 부당한 영향을 줄 우려 있는 행위,O,꾸
"5-11. 금지행위인 것은 ○, 아닌 것은 ×",258,단체를 구성하여 단체 구성원 이외의 자와 공동중개를 제한하 는 행위,O,단
5-12. 금지행위 관련 지문,259,등록관청은 개업공인중개사 중개의뢰인과 직접거래를 한 경 우에는 중개사무소의 개설등록을 취소해야 한다.,X,"금지행위는 임금, 임등취사유예요. 업무 정지처분도 능해요."
5-12. 금지행위 관련 지문,260,개업공인중개사 중개보수 산정에 관한 지방자치단체의 조례 를 잘못 해석하여 법령이 허용하는 금액을 초과한 중개보수를 받은 경우 금지행위에 해당하지 않는다.,X,지자체 조례를 제대로 해석할 의무 있어요. 그러니 잘못 해석해서 초과해 받았 다고 해도 위반이며 처벌대상이에요.
5-12. 금지행위 관련 지문,261,법령상 한도를 초과하는 보수를 유효한 당좌수표로 받았으나 부도처리되어 개업공인중개사 그 수표를 반환한 경우에도이 는 위법하다.,O,초과보수를 받은 시점에 이미 위반행위 성립되었기 때문이에요
5-12. 금지행위 관련 지문,262,법인인 개업공인중개사의 사원이 중개대상물의 매매를 업으로 하는 것은 금지되지 않는다.,X,판매명수 관직쌍투꾸단은 개업공인중개사 등 모두에게 금지돼요
6-1. 거래정보사업자,263,거래정보사업자로 지정받으려는 자는 공인중개사의 자격을 갖추어야 한다,X,지정받으려는 자는 공인중개사 자격이 필 요하지 않고 공인중개사를 1인 이상 고용 하면 돼요.
6-1. 거래정보사업자,264,전기통신사업법의 규정에 의한 부통신사업자 아니어도 국토교통부령으로 정하는 요건을 갖추면 거래정보사업자로 지 정받을수 있다.,X,부통신사업자로 신고한 자이어야 해요.
6-1. 거래정보사업자,265,사업자지정을 받으려면 개업공인중개사 및 정보처리기능사를 각각 1인 이상 확보해야 한다.,X,"이 단원은 말장난이 많아요. 개업공인중 개사 아니라 공인중개사 언니, 정보처 리기능사 아니라 정보처리기사 오빠"
6-1. 거래정보사업자,266,"지정받으려는 자는 거래정보망의 입 이용신청을 한 개업공 인중개사 5명 이상이고 2개 이상의 시 도에서 각각 5명 이상의 개업공인중개사 입 , 이용신청을 했다는 요건을 갖 추어야 한다(",X,"지정받으려는 자는 거래정보망의 입 이용신청을 한 개업공 인중개사 5명 이상이고 2개 이상의 시 도에서 각각 5명 이상의 개업공인중개사 입 , 이용신청을 했다는 요건을 갖 추어야 한다"
6-1. 거래정보사업자,267,거래정보사업자는 지정받은 날부터 3일 이내에 운영규정을 정하여 국토교통부장관의 승인을 얻어야 한다.,X,거래정보사업자는 지정받은 날부터 3일 이내에 운영규정을 정하여 국토교통부장관의 승인을 얻어야 한다.
6-1. 거래정보사업자,268,거래정보사업자 운영규정을 변경하고자 하는 경우에는 국토 교통부장관의 승인을 받지 않아도 된다. ,X,변경할 때도 승인을 받아야 해요.
6-1. 거래정보사업자,269,거래정보사업자 개업공인중개사로부터 공개를 의뢰받지 않 은 정보를 공개한 경우 1년 이하의 징역 또는 1천만원 이하의 벌금에 처한다.,O,"개업공인중개사로부터 공개를 의뢰받은 정보에 한정하여 정보망에 공개해야 하고 위반시 지정취소, 1-1"
6-1. 거래정보사업자,270,개업공인중개사로부터 공개를 의뢰받은 정보에 한정하여 정보망에 공개해야 하고 위반시 지정취소 & 1-1,X,"의의차 개공으로부터 의뢰받지 않은 정 보를 공개하거나, 의뢰받은 것과 다르게 공개하거나, 차별 공개한 경우는 지정을 취소할 수 있다, 1-1"
6-1. 거래정보사업자,271,법인인 거래정보사업자의 해산으로 부동산거래정보망의 계속 적인 운영이 불능한 경우 국토교통부장관은 청문 없이 그 지 정을 취소할 수 있다.,O,거 운의 차 해 1 / 사망 해산 때고 나머 지 사유로 지정을 취소하려는 때에는 청 문을 해야 해요.
6-1. 거래정보사업자,272,개업공인중개사 중개대상물의 정보를 거짓으로 공개한 경우 등록관청은 개설등록을 취소할 수 있다.,X,업무정지에서 자주 출제되는 지문임. 중 개대상물의 정보를 거짓으로 공개하거나 거래사실을 지체 없이 통보하지 않으면 순수 업무정지
6-1. 거래정보사업자,273,부동산거래정보망에 정보 공개된 중개대상물의 거래 완성 된 경우 개업공인중개사는 3일 이내에 해당 거래정보사업자 에게 이를 통보하여야 한다.,X,지체 없이 통보. 위반시 순수 업무정지
"7-2. 협회의 설립, 구성",274,협회는 회원 3인 이상이 발기인이 되어 정관을 작성하여 창 립총회의 의결을 거친 후 국토교통부장관의 허를 받아 설립 등기를 함으로써 성립한다.,X,허 아니고 인. 썰립인
"7-2. 협회의 설립, 구성",275,협회에 관하여 공인중개사법령에 규정된 것 외에는민법중 재단법인에 관한 규정을 적용한다. ,X,민법 중 사단법인
"7-2. 협회의 설립, 구성",276,협회의 창립총회는 서울특별시에서는 3인 이상 회원의 참여 를 요한다,X,"300정, 600창, 600은 100(서울), 20(광역시, 도, 특별자치도)"
"7-2. 협회의 설립, 구성",277,협회의 창립총회를 개최할 경우 특별자치도에서는 3인 이상 의 회원이 참여하여야 한다.,X,광역시 도 특별자치도는 2인 이상
"7-2. 협회의 설립, 구성",278,협회는 시 도에 지부를 두어야 한다.,X,둘 수 있다.
"7-2. 협회의 설립, 구성",279,협회는 정관으로 정하는 바에 따라 광역시에 지부를 둘 수 있다.,O,특별시 광역시 도 특별자치도(시.도)에 지부를 둘 수 있지요
"7-2. 협회의 설립, 구성",280,공인중개사협회의 지부를 두는 경우 시 도지사의 인를 받아 야한다,X,지부를 설치한 때에는 시 도지사에게 신고해야죠.
"7-2. 협회의 설립, 구성",281,협회 지회를 설치한 때에는 시 도지사에게 신고해야 한다.,X,"지부는 시 도지사에게, 지회는 등록관청 "
"7-2. 협회의 설립, 구성",282,협회는 총회의 의결내용을 1일 이내에 국토교통부장관에게 보 고해야 한다,X,자주 출제된 지문이에요. 지체 없이 국장 에게 보고.
"7-2. 협회의 설립, 구성",283,협회는 부동산중개제도의 연구 개선에 관한 업무를 수행할 수 있다.,O,"슴이 짠하면 회원의 품위유지. 부동 산중개제도의 연구 개선, 회원의 자질향 상을 위한 지도와 교육 및 연수, 회원"
"7-2. 협회의 설립, 구성",284,협회는 부동산 정보제공에 관한 업무를 직접 수행할 수 없다.,X,협회의 업무 가운데 가장 잘 출제되는 것
"7-2. 협회의 설립, 구성",285,협회는 시 도지사로부터 위탁을 받아 실무교육에 관한 업무를 할 수 있다,O,"협회는 실무, 직무. 연수교육 및 공인중개사 시험에 관한 업무를 위탁 받을 수 있음"
7-3. 공제사업,286,협회는 영리사업으로서 회원 간의 상호부조를 목적으로 공제사 업을 할 수 있다.,X,비영리사업이에요
7-3. 공제사업,287,책임준비금의 적립비율은 협회 총수입액의 1분의 1 이상으 로 정해야 한다.,X,공제료 수입액의 
7-3. 공제사업,288,협회는 책임준비금을 다른 용도로 사용하고자 하는 경우에는 국토교통부장관의 승인을 얻어야 한다. ,O,옳은지문
7-3. 공제사업,289,금융감독원의 원장은 국토교통부장관의 요청이 있는 경우에는 공제사업에 관하여 조사 또는 검사를 할 수 있다. ,O,원장님의 숙제검사
7-3. 공제사업,290,협회는 공제사업 운용실적을 매 회계연도 종료 후 2개월 이내에 일간신문 또는 협회보에 공시하고 홈페이지에 게시해야 한다.,X,공시법 3시간. 3개월
7-3. 공제사업,291,협회는 재무건전성 기준이 되는 지급여력비율을 1분의 1 이상으로 유지해야 한다.,O,그대로 기억해요
7-3. 공제사업,292,공제사업을 심의하고 업무집행을 감독하기 위해 국토교통부에 운영위원회를 둔다.,X,운영이는 협회 다닌다. 협회에 둔다
7-3. 공제사업,293,공제사업 운영위원회 위원의 임기는 2년이며 연임할 수 없다.,X,운영이는 한 번만 더 할래~ 1회에 한하여 연임할 수 있어의
7-3. 공제사업,294,운영위원회 위원장은 국토교통부 제1차관으로 한다.,X,위원장과 부위원장은 위원 중에서 호선. 날 새고 투표
7-3. 공제사업,295,위원장이 직무를 수행할 수 없을 때에는 위원장이 미리 지명한 위원이 그 직무를 대행한다.,X,부위원장이 대행해요. 정미지는 정책심의 위원회
7-3. 공제사업,296,운영위원회의 회의는 재적위원 과반수의 찬성으로 심의사항을 의결한다.,X,"재적위원 과반수 출석으로 개의하여, 출석위원 과반수 찬성으로 의결해요"
8-1. 포상금 제도,297,페업신고 후 중개업을 한 자를 신고한 경우는 포상금 지급대상이다,O,개설등록을 하지 않고 중개업을 한 자이므로 맞지
8-1. 포상금 제도,298,개업공인중개사 아닌 자로서 사무소의 명칭에 부동산중개라는 문자를 사용한 지를 신고한 경우는 포상금 지급대상이다.,X,개공이 아닌 자로서 중개대상물의 표시 광고를 한 자를 신고해야 해요
8-1. 포상금 제도,299,부정한 방법으로 공인중개사 자격을 취득한 자를 신고한 경우는 포상금 지급대상이다. ,X,포상금 지급대상[무거양양양양아금] 거짓 부정 등록한 자를 신고해야 해요.
8-1. 포상금 제도,300,정당한 사유 없이 개업공인중개사의 중개대상물에 대한 정당한 표시 광고를 방해하는 행위를 한 자를 신고한 경우는 포상금지급대상이다. ,O,"5개: 안내문 온라인, 방해, 강요, 유도"
8-1. 포상금 제도,301,신고 또는 고발사건에 대하여 검사 공소제기의 결정을 한 경 우에 한하여 지급한다.,X,신고 또는 고발사건에 대하여 검사 공소제기의 결정을 한 경 우에 한하여 지급한다.
8-1. 포상금 제도,302,신고 또는 고발사건에 대하여 검사 공소제기의 결정을 한 경 우에 한하여 지급한다.,O,수사기관이라고 하면 안 돼요.
8-1. 포상금 제도,303,등록관청은 포상금 지급신청서를 접수한 날부터 1개월 이내에 포상금을 지급해야 한다.,X,결정일 1 지급결정일부터 1개월 이내
8-2. 자격취소 및 자격정지,304,자격증 교부 시 도지사와 사무소 관할 시 도지사 서로 다 른 경우에는 자격증을 교부한 시 도지사 자격취소처분에 필 요한 절차를 이행한다,X,자격증 교부 시 도지사와 사무소 관할 시 도지사 서로 다 른 경우에는 자격증을 교부한 시 도지사 자격취소처분에 필 요한 절차를 이행한다
8-2. 자격취소 및 자격정지,305,자격증 교부 시 도지사와 사무소 관할 시 도지사 서로 다 른 경우에는 자격증을 교부한 시 도지사 자격정지처분에 필 요한 절차를 모두 이행한 후 사무소 관할 시 도지사에게 통보 해야한다,X,앞뒤 시 도지사 서로 바뀌면 틀려
8-2. 자격취소 및 자격정지,306,자격취소처분은 중개사무소의 소재지를 관할하는 시 도지사 한다,X,언제나 교부한 시 도지사 때리죠
8-2. 자격취소 및 자격정지,307,시장 군수 또는 구청장은 공인중개사 자격정지사유 발생시 6개월 의 범위 안에서 기간을 정하여 그 자격을 정지할 수 있다.,X,자격취소와 자격정지처분은 시 도지사 해요 시장 군수 또는 구청장은 등록취소 나 업무정지처분을 하는 등록관청
8-2. 자격취소 및 자격정지,308,시 도지사는 소속공인중개사 등록하지 아니한 인장을 사용 한 경우 6개월의 범위 안에서 기간을 정하여 그 자격을 정지할 수 있다.,O,인장 관련 위반의 자격정지 기준은 3개월 이지만 6개월의 범위 안에서는 늘 옳음
8-2. 자격취소 및 자격정지,309,공인중개사의 직무와 관련 없이형법』상 사기최로 징역형을 선고받은 경우는 자격취소사유 된다.,X,"공인중개사 직무 관련하여형법상 범최 단체 조직, 사문서 위조 행사, 사기, 횡 령, 배임으로 금고형 또는 징역형을 받은 경우에 자격취소 돼요. 부양지역형금"
8-2. 자격취소 및 자격정지,310,자격정지처분을 받은 날부터 6개월이 경과한 공인중개사는 버 인인 개업공인중개사의 임원이 될 수 있다.,O,자격정지 기간은 아무리 길어도 6개월이니까요.
8-3. 자격취소 및 자격정지절차,311,시 도지사는 공인중개사의 자격을 정지하고자 하는 경우에는 청문을 실시해야 한다,X,청문 통보 반납 사유서는 자격취소에만
8-3. 자격취소 및 자격정지절차,312,시 도지사는 공인중개사의 자격취소처분을 한 때에는 7일 이내에 이를 국토교통부장관에게 통보해야 한다.,X,5일 이내에 국장과 다른 시 도지사에게통보해야 한다. 5일 통보 7일반납
8-3. 자격취소 및 자격정지절차,313,시 도지사는 공인중개사의 자격정지처분을 한 때에는 5일 내에 이를 다른 시 도지사에게 통보해야 한다,X,자격정지는 통보 없다니까
8-3. 자격취소 및 자격정지절차,314,시 도지사 공인중개사의 자격정지처분을 한 경우 이를 다른 시 도지사에게 통보해야 하는 의무 없다.,O,자격정지는 통보 없으니 옳지요.
8-3. 자격취소 및 자격정지절차,315,공인중개사의 자격이 정지된 자는 자격정지처분을 받은 날부터 7일 이내에 자격증을 반납해야 한다.,X,자격정지는 반납이 없어요
8-3. 자격취소 및 자격정지절차,316,공인중개사 자격취소처분을 받은 개업공인중개사는 중개사무소의 소재지를 관할하는 시 도지사에게 공인중개사자격증을 반납해야 한다,X,자격증을 교부한 시 도지사에게
8-3. 자격취소 및 자격정지절차,317,등록관청은 공인중개사 자격정지처분 사유에 해당하는 사실을 알게 된 때에는 지체 없이 그 사실을 시 도지사에게 통보해 야한다,O,자격정지에만 있는 규정
8-3. 자격취소 및 자격정지절차,318,"시 도지사 중하여 자격정지처분을 하는 경우, 그 자격정지기간은 6개월을 초과할 수 있다, ",X,절대로 6개월을 초과할 수 없어
8-4. 등록취소 및 업무정지의 절차,319,"업무정지지분은 해당사유 발생한 날부터 2년이 된때에는 를할수있다,",O,업무정지에만 있는 시효제도. 때려봐때려봐때려봐 3년지나야만 못때림
8-4. 등록취소 및 업무정지의 절차,320,등록관청의 업무정지처분은 해당하는 사유 발생한 날부터 3년 이 경과한 때에는 이를 할 수 없다.,O,3년 지나면 업무정지처분을 못해요.
8-4. 등록취소 및 업무정지의 절차,321,자격정지사유 발생한 날부터 3년이 지난 때에는 자격정지처 분을 할 수 없다.,X,업무정지에만 있는 3년 시효제도예요.
8-4. 등록취소 및 업무정지의 절차,322,등록관청은 법인인 개업공인중개사에게 업무정지를 명하는 경 우 분사무소별로 업무의 정지를 명해야 한다.,X,법인 또는 분사무소별로 업무정지를 명할 수 있다.
8-4. 등록취소 및 업무정지의 절차,323,시·도지사는 업무정지기간의 2분의 1범위 안에서 중할 수 있다.,X,업무정지처분은 등록관청(시장·군수 또 는 구청장)이 해요.
8-4. 등록취소 및 업무정지의 절차,324,"개업공인중개사 부동산거래정보망에 중개대상물에 관한 정 보를 거짓으로 공개한 경우, 등록관청은 위반행위의 동기를 참 작하여 5개월의 업무정지처분을 할 수 있다..",O,"정보망에 정보를 거짓 공개한 경우의 업 무정지기준기간은 6개월이며 2분의 1범 위 안에서 경감할 수 있으니, 3개월, 4개 월, 5개월도 능해요."
8-4. 등록취소 및 업무정지의 절차,325,등록관청은 개업공인중개사인 법인의 해산을 이유로 중개사무 소 개설등록을 취소하려는 경우에는 청문을 실시해야 한다.,X,해산을 이유로 등록취소를 하는 경우는 청문을 실시하지 않지요.
8-4. 등록취소 및 업무정지의 절차,326,등록관청이 업무정지처분을 하고자 하는 경우 청문을 실시해야 한다.,X,업무정지는 청문× 등록증 반납× 간판 철거X
8-4. 등록취소 및 업무정지의 절차,327,등록관청은 이중으로 중개사무소 개설등록을 한 개업공인중개 사에게 업무정지를 명할 수 있다.,X,절대적 등록취소사유는 업무정지처분을 할 수 없어요. 등록을 취소해야 한다.
8-4. 등록취소 및 업무정지의 절차,328,등록관청은 이동이 용이한 임시 중개시설물을 설치한 경우에는 중개사무소의 개설등록을 취소해야 한다.,X,임등취사유로 등록을 취소해야 한다고 하 면 틀려요. 등록을 취소할 수 있다..
8-4. 등록취소 및 업무정지의 절차,329,개업공인중개사 부동산거래정보망에 중개대상물에 관한 정 보를 거짓으로 공개한 경우 등록관청은 중개사무소 개설등록을 취소할 수 있다.,X,순수업무정지사유이므로 업무정지처분만 할 수 있어요
8-5. 행정제재처분효과의 승계,330,폐업신고 전의 개업공인중개사에 대하여 행한 업무정지처분의 효과는 폐업신고일부터 1년간 재등록한 개업공인중개사에게 승 계된다.,X,처분일부터 1년간
8-5. 행정제재처분효과의 승계,331,폐업신고 전에 개업공인중개사에게 한 과태료부과처분의 효과 는 그 처분일부터 1개월이 된 때에 재등록을 한 개업공인중개 사에게 승계된다.,O,승계라는 단어 보이면 처분일부터 1년 간이라고 외쳐요
8-5. 행정제재처분효과의 승계,332,"甲이 중개사무소등록증을 대여한 날부터 1년 후 폐업을 하였고 2년의 폐업기간 경과 후 다시 개설등록을 하고 업무 개시를 한 경우, 위 대여행위를 이유로 등록취소처분을 할 수 없다.",X,"폐업 전의 사유로 등록취소처분을 할 수 있는지를 물어보면 폐업기간을 계산하세 요. 폐업기간이 3년 초과이면 등록취소 X, 3년 이하이면 등록취소 ○ 지문은 폐 업기간이 2년이니 동록취소ㅇ"
8-5. 행정제재처분효과의 승계,333,"甲이 중개대상물 확인·설명서를 교부하지 않은 날부터 6개월 후 폐업을 하였고 1개월의 폐업기간 경과 후 다시 개설 등록을 한 경우, 위 위반행위를 이유로 업무정지처분을 할 수 있다.",O,폐업기간 1년 초과이면 업무정지 × 1년 이하이면 업무정지ㅇ
8-5. 행정제재처분효과의 승계,334,재등록 개업공인중개사에 대하여 폐업신고 전의 개설등록취소 에 해당하는 위반행위를 이유로 행정처분을 할 때 폐업의 사유 는 고려하지 않는다.,X,폐업기간과 폐업 사유를 고려해야 한다.
8-5. 행정제재처분효과의 승계,335,"甲이 공인중개사법령 위반으로 225. 2. 7. 2개월의 업무정지 처분을 받았으나 225. 3. 5. 폐업신고를 하였다 225. 12. 21. 다시 중개사무소 개설등록을 한 경우, 종전의 업무정지처분 의 효과는 승계된다.",O,승계라는 단어 보이면 처분일부터 1년 간이라고 외치라고요. 처분을 받은 날과 재등록을 한 날을 계산해 보세요. 폐업신 고를 한 날은 신경 쓰지 마세요.
8-5. 행정제재처분효과의 승계,336,"甲이 224. 1. 16. 과태료부과처분을 받았으나 224. 12. 16. 폐업신고를 하였다 225. 11. 15. 다시 중개사무소의 개설등 록을 하였다면, 위 과태료부과처분의 효과는 승계된다.",X,"승계 보이면 째분일부터 1년간, 과태료 처분을 받은 날부터 재등록한 날까지의 기간이 1년 이내인지 넘었는지를 보세요."
8-5. 행정제재처분효과의 승계,337,"甲이 224. 8. 1. 국토교통부령으로 정하는 전속중개계약서에 의하지 않고 전속중개계약을 체결한 후, 224. 11. 1. 폐업신고 를 하였다 225. 1. 1. 다시 중개사무소의 개설등록을 하였 다면, 등록관청은 업무정지처분을 할 수 있다.",O,"폐업 전의 사유로 업무정지처분을 할 수 있느냐를 물어보면 폐업기간을 계산하세 요. 즉 폐업신고를 한 날부터 재등록을 한 날까지를 계산하여 1년 초과하면 업무정 지×, 1년 이하이면 업무정지 ㅇ"
8-5. 행정제재처분효과의 승계,338,"甲이 222. 8. 5. 다른 사람에게 자기의 상호를 사용하여 중개 업무를 하게 한 후, 222. 9. 5. 폐업신고를 하였다 225. 1. 5. 다시 중개사무소의 개설등록을 하였다면, 등록관청은 개설 등록을 취소해야한다.",X,"폐업 전의 사유로 등록취소처분을 할 수 있느냐를 물어보면 폐업기간을 계산하고 폐업기간이 3년 초과하면 등록취소 X, 3 년 이하이면 등록취소"
2-1-1신고대상 및 신고관청,339,공공주택 특별법에 따른 공급계약에 의해 부동산을 공급받는자로 선정된 지위에 관한 매매계약,O,"주시건택도공산빈집에 따른 공급계약 및 공급받는 자로 선정된 지위(분양권)의 매 매계약, 정비법 입주권 및 빈집법 입주권 매매계약은 신고대상이에요"
2-1-1신고대상 및 신고관청,340,택지개발촉진법에 따라 공급된 토지의 임대차계약,X,매매계약만 신고. 토지 임대차 계약(×)
2-1-1신고대상 및 신고관청,341,빈집 및 소규모주택 정비에 관한 특례법에 따른 부동산의 공급계약,O,"도시 및 주거환경정비법과 빈집 및 소 규모주택 정비에 관한 특례법은 공급계 약, 분양권, 입주권 모두 신고대상임"
2-1-1신고대상 및 신고관청,342,빈집 및 소규모주택 정비에 관한 특례법에 따른 공급계약을 통해 부동산을 공급받는 자로 선정된 지위의 매매계약,O,"비법, 빈집법 분양권"
2-1-1신고대상 및 신고관청,343,빈집 및 소규모주택 정비에 관한 특례법에 따른 사업시행계 획인가로 취득한 입주자로 선정된 지위의 매매계약,O,"비법, 빈집법 입주권"
2-1-1신고대상 및 신고관청,344,건축법에 따른 부동산의 공급계약,X,"건축법공급계약은×, 건축법에 따라 공급된 건축물의 매매계약은 맞음"
2-1-1신고대상 및 신고관청,345,건축물의 분양에 관한 법률에 따른 부동산의 공급계약,O,공급계약 및 공급계약을 통해 부동산을 공급받는 자로 선정된 지위의 매매계약
2-1-1신고대상 및 신고관청,346,공인중개사법령상 중개대상물에 속하는 물건의 매매계약을 체 결한 때에는 모두 부동산거래신고를 해야 한다.,X,"목, 광업재단, 공장재단의 매매계약은 신고대상이 아니에요"
2-1-1신고대상 및 신고관청,347,주택법에 따른 조정대상지역에 소재하는 주택의 증여계약은 부동산 거래신고를 해야 한다.,X,매매계약만 신고한다니까요. 증여아님
2-1-1신고대상 및 신고관청,348,거래신고를 하려는 개업공인중개사는 부동산거래계약 신고서 에 서명 또는 날인하여 중개사무소 소재지 관할 시장·군수 또 는 구청장에 제출해야 한다.,X,부동산 등 소재지 관할 신고관청에 신고 해야해요
2-1-1신고대상 및 신고관청,349,부동산 등 소재지를 관할하는 특별자치도 행정시의 시장은 부 동산 거래신고의 신고관청이 된다.,O,부동산 등 소재지 관할 시장(구가 설치되지 아니한 시의 시장 특별자치시장 특별자치 도의 행정시장)·군수·구청장이 신고관청
2-1-1신고대상 및 신고관청,350,토지와 건축물의 교환계약서를 작성·교부한 개업공인중개사 는 부동산 거래신고를 해야 한다.,X,매매계약만 신고해요.
2-1-2. 신고의무자,351,부동산 매매계약을 체결한 거래당사자는 거래계약의 체결일부 터 60일 이내에 신고관청에 공동으로 신고해야 한다.,X,부동산 거래신고는 계약일 ~ 30일
2-1-2. 신고의무자,352,"거래당사자 중 일방이 국가인 경우, 국가가 부동산 거래계약의 신고를 해야한다.",O,국가 등이 신고해야 하고 다른 상대방은 신고의무가 없어요.
2-1-2. 신고의무자,353,지방공기업법에 따른 지방공사와 개인이 매매계약을 체결한 경우양 당사자는 공동으로 신고하여야 한다.,X,국가 등이 단독으로 신고해야 하고 다른 상대방은 신고의무가 없어요.
2-1-2. 신고의무자,354,거래당사자 간 직접거래의 경우 매도인이 거래신고를 거부하면 매수인이 단독으로 신고할 수 있다.,O,일방의 거부로 상대방이 단독신고를 할 때는 단독신고사유서 및 거래계약서 사본 을 첨부해야해요.
2-1-2. 신고의무자,355,개업공인중개사가 거래계약서를 작성·교부한 경우 거래당사 자는 30일 이내에 부동산 거래신고를 하여야 한다.,X,개업공인중개사가 신고해야죠. 중개거래 에서 거래당사자는 신고의무가 없어요
2-1-2. 신고의무자,356,개업공인중개사가 중개를 완성하여 거래계약서를 작성·교부 한 때에는 거래당사자와 개업공인중개사가 공동으로 신고해야 한다.,X,개업공인중개사가 신고해야 해요. 외로운 개공~~~
2-1-2. 신고의무자,357,개업공인중개사가 거래계약서를 작성·교부한 경우 거래당사 자는 부동산 거래신고 의무가 없다.,O,좋아요.
2-1-2. 신고의무자,358,개업공인중개사가 공동으로 토지의 매매를 중개하여 거래계약 서를 작성·교부한 경우 해당 개업공인중개사가 공동으로 신고 해야 한다.,O,그래야죠.
2-1-2. 신고의무자,359,국토교통부장관 또는 시·도지사가 지정한 허가구역에서 토지 거래계약의 허가를 받은 경우 부동산 거래신고를 하지 않아도 된다.,X,허가랑 신고는 별개예요. 신고·허가이 렇게 말 다르면 둘 다 해야 해요.
2-1-2. 신고의무자,360,농지의 매매계약에 대하여 농지법에 따른 농지취득자격증명 을 받은 경우라도 부동산 거래신고를 해야 한다.,O,"명, 신고 이렇게 다를 때에도 둘 다 해야 해요."
2-1-3. 부동산 거래신고: 신고사항,361,"개업공인중개사가 거래계약서를 작성·교부한 경우, 개업공인 중개사의 인적 사항과 개설등록한 중개사무소의 상호·전화번 호 및 소재지도 신고사항에 포함된다.",O,"공통 신고사항 1. 거래당사자의 인적 사항 2. 매수인이 외국인인 경우 위탁관리인 3. 중개거래: 개공의 인적 사항 및 사 무소의 상호, 전화번호, 소재지 4. 계약일, 중도금지급일, 잔금지급일 5. 조건 또는 기한(있는 경우) 6. 종류, 소재지, 지목, 면적 7. 실제거래금액"
2-1-3. 부동산 거래신고: 신고사항,362,부동산 등의 권리관계는 신고사항이다.,X,권리관계는 거래계약서 기재사항이에요.
2-1-3. 부동산 거래신고: 신고사항,363,매매대상 토지 중 공장부지로 편입되지 아니할 부분의 토지를 매도인에게 원가로 반환한다는 조건을 당사자가 약정한 경우 그 사항은 신고사항이다.,X,공법상 이용제한 및 거래규제는 확인·설 명 사항이지 신고사항이 아니에요
2-1-3. 부동산 거래신고: 신고사항,364,자연인이 주택법상 ‘조정대상지역 및 투기과열지구’ 외에 소 재하는 주택을 실제 거래가격 6억원으로 매수한 경우 입주 예 정 시기 등 그 주택의 이용계획은 신고사항이다.,O,"자연인이 비규제지역 6억 이상, 조정대상 지역 또는 투기과열지구 내의 모든 주택 을 취득하는 경우 자금조달계획 및 지급 방식, 입주 여부·입주예정시기 등 이용 계획신고"
2-1-3. 부동산 거래신고: 신고사항,365,법인이 주택의 매수자로서 거래계약을 체결한 경우 임대 등 그 주택의 이용계획은 신고사항이다.,O,"주택의 매수법인: 취득목적, 이용계획 자금조달계획 및 지급방식 신고"
2-1-4. 신고절차,366,거래당사자 간 직접거래의 경우 공동으로 신고서에 서명 또는 날인을 하여 공동으로 신고서를 제출해야 한다.,X,공동으로 제출하는 것은 아녜요.
2-1-4. 신고절차,367,지방자치단체가 개업공인중개사의 중개 없이 토지를 매수하는 경우 지방자치단체가 부동산거래계약 신고서에 단독으로 서명 또는 날인하여 신고관청에 제출해야 한다.,O,일방이 지방자치단체인 경우 지방자치단 체가 단독신고 해야죠. 다만 개업공인중 개사가 중개했다면 개공이 신고해야 해요.
2-1-4. 신고절차,368,중개거래인 경우 부동산거래계약 신고서에 개업공인중개사 및 거래당사자가 공동으로 서명 또는 날인을 해야 한다.,X,외로운 개공~ 개공만 서명 또는 날인
2-1-4. 신고절차,369,부동산거래계약 신고서의 방문 제출은 해당 계약을 중개한 개 업공인중개사의 위임을 받은 중개보조원이 대행할 수 있다.,X,"중개거래인 경우 소공만 제출을 대행할 수 있어요. 이때, 신고서에는 개공만 서명 또는 날인을 해요. 소공이 제출을 대행할 때에는 위임장도 내지 않지요."
2-1-4. 신고절차,370,"개업공인중개사의 위임을 받은 소속공인중개사가 부동산거래 계약 신고서의 제출을 대행하는 경우, 소속공인중개사는 신분 증명서를 신고관청에 보여줘야 한다.",O,"소공이 제출을 대행할 때 개공이 써준 신 고서를 제출하고 자신의 신분증을 제시하 면 되고, 위임장 등을 낼 필요가 없어요."
2-1-4. 신고절차,371,주택법에 따라 지정된 투기과열지구에 소재하는 주택의 거래 계약을 체결한 경우 신고서를 제출할 때 매수인과 매도인이 공 동으로 서명 또는 날인한 주택취득자금조달 및 입주계획서를 함께 제출하여야 한다.,X,자금조달·입주계획서는 매수인이 단독 으로 서명 또는 날인해요. 매도인과는 아 무런 상관이 없어요.
2-1-4. 신고절차,372,시장·군수 또는 구청장은 부동산거래가격 검증체계를 구축· 운영해야 한다.,X,토교통부장관이 구축·운영해요.
2-1-4. 신고절차,373,신고를 받은 신고관청은 신고내용을 확인한 후 신고필증을 신 고인에게 지체 없이 발급해야 한다.,O,신고필증은 '지체 없이' 발급
2-1-5거래계약 신고서 작성법,374,거래당사자가 다수인 경우 매수인 또는 매도인의 주소란에 각 자의 거래 지분 비율을 표시해야 한다.,O,성명란이 아님을 주의하세요.
2-1-5거래계약 신고서 작성법,375,거래당사자가 외국인인 경우 거래당사자의 국적을 반드시 적어 야한다.,O,외국인은 국적을 꼭 기재해야 해요.
2-1-5거래계약 신고서 작성법,376,외국인은 신고서 작성시 대한민국 국민과 달리 부동산 등 매수 용도를 표시해야한다.,O,역시 신고서 작성방법인데 잘 출제돼요.
2-1-5거래계약 신고서 작성법,377,거래대상 부동산의 종류가 건축물인 경우에는 건축법 시행령 에 따른 용도별 건축물의 종류를 적는다.,O,당연하죠.
2-1-5거래계약 신고서 작성법,378,'거래대상'의 ‘종류'중 '임대주택 분양전환'은 법인이 아닌 임대 주택사업자가 임대기한이 완료되어 분양전환하는 주택인 경우 에√표시를한다.,X,법인인 임대주택사업자라고 해야 맞아요.
2-1-5거래계약 신고서 작성법,379,거래대상'의 '종류' 중 ‘공급계약은 시행사 또는 건축주 등이 최초로 부동산을 공급(분양)하는 계약을 말한다.,O,"공급계약은 공급(분양)하는 계약일 때표 시하고, 전매는 분양권 또는 입주권을 거 래할 때 표시해요."
2-1-5거래계약 신고서 작성법,380,건축물 면적은 집합건축물의 경우 전용면적과 공용면적의 합계 면적을 기재한다.,X,공용면적은 빼요. 전용면적만 기재
2-1-5거래계약 신고서 작성법,381,"계약대상 면적에는 실제 거래면적을 계산하여 적되, 건축물면 적은 집합건축물의 경우 연면적을 적는다.",X,집합건축물은 전용면적을 적고 집합건축 물이 아닌 건축물은 연면적을 적어요.
2-1-5거래계약 신고서 작성법,382,물건별 거래가격란에는 각각의 부동산별 거래금액을 적는다.,O,합산액을 적는다고 하면 틀려요.
2-1-5거래계약 신고서 작성법,383,공급계약 또는 전매계약인 경우 ‘물건별 거래가격 및 ‘총 실제 거래가격'란에는 부가가치세를 제외한 금액을 적는다.,X,공급계약 또는 전매는 부가가치세 '포함 그 외의 거래는 부가가치세 제외~
2-1-5거래계약 신고서 작성법,384,부동산거래계약 신고서의 물건별 거래가격란에 발코니 확장 등 선택 비용에 대한 기재란은 없다.,X,"분양가격, 발코니 확장 등 선택비용 추가 지급액을 각각 적어야 해요."
2-1-5거래계약 신고서 작성법,385,종전 부동산란은 입주권 매매의 경우에만 작성한다.,O,입주권을 매매하는 경우에는 종전 토지도 함께 매매하기 때문에 종전 부동산에 대 해서도 작성해야 해요. '분양권 매매'라고 하면 틀리니 주의하세요.
2-1-5거래계약 신고서 작성법,386,"계약의 조건 및 참고사항’란은 부동산 거래계약 내용에 계약조 건이나 기한을 붙인 경우, 거래와 관련한 참고내용이 있을 경우 에 적는다.",O,신고서 작성방법에 있는 내용이에요.
2-1-6. 부동산거래계약 해제등신고,387,"부동산거래계약 신고서를 제출한 후 해당 부동산 거래계약이 해제된 경우, 거래당사자는 해제 등이 확정된 날부터 30일 이 내에 해당 신고관청에 공동으로 신고해야 한다.",O,해제등신고 의무자는 거래당사자거든요.
2-1-6. 부동산거래계약 해제등신고,388,부동산 거래신고 후에 매도인이 매매계약을 취소하면 매도인이 단독으로 취소를 신고해야 한다.,X,"해제등신고(해제, 무효 또는 취소의 신고) 는 거래당사자가 공동으로 해야 해요"
2-1-6. 부동산거래계약 해제등신고,389,개업공인중개사가 매매계약을 신고한 경우에 그 매매계약이 해 제되면 그 개업공인중개사가 해제를 신고해야 한다.,X,개업공인중개사가 해제 등을 신고해야 한 다고 하면 틀려요. 개업공인중개사는해 제등신고의 의무자가 아니에요.
2-1-6. 부동산거래계약 해제등신고,390,개업공인중개사가 신고한 후 해당 거래계약이 해제된 경우 그 계약을 해제한 거래당사자는 해제가 확정된 날부터 30일 이내 에 해당 신고관청에 단독으로 신고하여야 한다.,X,"해제, 무효 또는 취소의 신고는 거래당사 자가 공동으로 해야 해요."
2-1-7. 부동산거래계약 정정신청,391,건축물의 종류가 잘못 기재된 경우,O,전주상사 비대종류지지면:당사자의 주소/전화번호 /개공전화번호상호사무소소재지 /지분 비율/대지권비율 /건축물 종류 /지목·거래 지분· 면적
2-1-7. 부동산거래계약 정정신청,392,중도금 지급일이 잘못 기재된 경우,X,전주상사 비대종류지지면:당사자의 주소/전화번호 /개공전화번호상호사무소소재지 /지분 비율/대지권비율 /건축물 종류 /지목·거래 지분· 면적
2-1-7. 부동산거래계약 정정신청,393,개업공인중개사의 사무소 소재지가 잘못 기재된 경우,O,전주상사 비대종류지지면:당사자의 주소/전화번호 /개공전화번호상호사무소소재지 /지분 비율/대지권비율 /건축물 종류 /지목·거래 지분· 면적
2-1-7. 부동산거래계약 정정신청,394,거래가격이 잘못 기재된 경우,X,전주상사 비대종류지지면:당사자의 주소/전화번호 /개공전화번호상호사무소소재지 /지분 비율/대지권비율 /건축물 종류 /지목·거래 지분· 면적
2-1-7. 부동산거래계약 정정신청,395,거래 지분 비율이 잘못 기재된 경우,O,전주상사 비대종류지지면:당사자의 주소/전화번호 /개공전화번호상호사무소소재지 /지분 비율/대지권비율 /건축물 종류 /지목·거래 지분· 면적
2-1-7. 부동산거래계약 정정신청,396,매수인의 성명이 잘못 기재된 경우,X,전주상사 비대종류지지면:당사자의 주소/전화번호 /개공전화번호상호사무소소재지 /지분 비율/대지권비율 /건축물 종류 /지목·거래 지분· 면적
2-1-7. 부동산거래계약 정정신청,397,부동산 등의 소재지·지번이 잘못 기재된 경우,X,전주상사 비대종류지지면:당사자의 주소/전화번호 /개공전화번호상호사무소소재지 /지분 비율/대지권비율 /건축물 종류 /지목·거래 지분· 면적
2-1-8. 부동산거래계약 변경신고,398,거래 지분 비율의 변경,O,비지면 조가중잔 제외 위:거래 지분비율/거래 지분/면적/조건기한/가격/중도금잔금지급일/일부 매수인의 변경(일부제외)/부동산 일부가 제외되는 경우)/위탁관리인의 인적 사항
2-1-8. 부동산거래계약 변경신고,399,거래 지분의 변경,O,비지면 조가중잔 제외 위:거래 지분비율/거래 지분/면적/조건기한/가격/중도금잔금지급일/일부 매수인의 변경(일부제외)/부동산 일부가 제외되는 경우)/위탁관리인의 인적 사항
2-1-8. 부동산거래계약 변경신고,400,거래대상 부동산의 면적의 변경,O,비지면 조가중잔 제외 위:거래 지분비율/거래 지분/면적/조건기한/가격/중도금잔금지급일/일부 매수인의 변경(일부제외)/부동산 일부가 제외되는 경우)/위탁관리인의 인적 사항
2-1-8. 부동산거래계약 변경신고,401,거래가격의 변경,O,비지면 조가중잔 제외 위:거래 지분비율/거래 지분/면적/조건기한/가격/중도금잔금지급일/일부 매수인의 변경(일부제외)/부동산 일부가 제외되는 경우)/위탁관리인의 인적 사항
2-1-8. 부동산거래계약 변경신고,402,중도금 및 지급일의 변경,O,비지면 조가중잔 제외 위:거래 지분비율/거래 지분/면적/조건기한/가격/중도금잔금지급일/일부 매수인의 변경(일부제외)/부동산 일부가 제외되는 경우)/위탁관리인의 인적 사항
2-1-8. 부동산거래계약 변경신고,403,계약의 기한 변경,O,비지면 조가중잔 제외 위:거래 지분비율/거래 지분/면적/조건기한/가격/중도금잔금지급일/일부 매수인의 변경(일부제외)/부동산 일부가 제외되는 경우)/위탁관리인의 인적 사항
2-1-8. 부동산거래계약 변경신고,404,공동매수의 경우 매수인의 추가,X,비지면 조가중잔 제외 위:거래 지분비율/거래 지분/면적/조건기한/가격/중도금잔금지급일/일부 매수인의 변경(일부제외)/부동산 일부가 제외되는 경우)/위탁관리인의 인적 사항
2-1-9. 주택 임대차 계약의 신고,405,A특별자치시 소재 주택으로서 보증금이 6천만원이고 월차임 이 30만원으로 임대차계약을 신규 체결한 경우 신고 대상이다.,X,보증금 6천 초과 또는 월차임 30 초과인 경우만 신고해요. 63빌딩 ×
2-1-9. 주택 임대차 계약의 신고,406,B시 소재 주택으로서 보증금이 5천만원이고 월 차임이 40만원 으로 임대차계약을 신규 체결한 경우는 신고 대상이다.,O,6천 또는 30만 넘었으니 신고대상이죠.
2-1-9. 주택 임대차 계약의 신고,407,C광역시 D군 소재 주택으로서 보증금이 1억원이고 월 차임이 100만원으로 신고된 임대차계약에서 보증금 및 차임의 증감 없 이 임대차 기간만 연장하는 갱신계약은 신고 대상이 아니다.,O,보증금·차임 증감 없이 기간만 연장하는 계약은 신고대상이 아니에요. 군지역의 경우 광역시와 경기도의 군에 있는 주택 임대차만 신고대상이죠
2-1-9. 주택 임대차 계약의 신고,408,자연인 甲과 지방공기업법에 따른 지방공사 乙이 신고 대상 인 주택 임대차계약을 체결한 경우 甲과 乙은 관할 신고관청에 공동으로 신고하여야 한다.,X,"일방이 국가 등인 경우, 국가 등이 임대차 계약의 신고를 해야 해요. 乙이 단독신고"
2-1-9. 주택 임대차 계약의 신고,409,개업공인중개사가 신고 대상인 주택 임대차계약을 중개한 경우 해당 개업공인중개사가 신고하여야 한다.,X,"개업공인중개사는 주택 임대차 계약의 신 고의무가 없어요. 거래당사자가 자연인이 면공동신고, 일방이 국가 등이면 국가 등 이 단독신고를 해야 해요"
2-1-9. 주택 임대차 계약의 신고,410,임대인 甲과 임차인 乙이 주택 임대차 계약을 신고한 후 보증금 을 증액하면 甲이 단독으로 신고해야 한다.,X,보증금·차임의 증액이나 감액으로 인한 변경신고 및 해제신고는 모두 공동신고
2-1-9. 주택 임대차 계약의 신고,411,지방자치단체 甲과 임차인 乙이 주택 임대차 계약을 신고한 후 임대차 계약이 해제된 경우 甲이 단독으로 해제를 신고해야 한다.,O,"임대차 계약의 신고, 변경신고 및 해제신 고는 모두 일방이 국가 등이면 국가 등이 단독신고를 해야해요."
2-1-9. 주택 임대차 계약의 신고,412,임차인이 주민등록법에 따라 전입신고를 하는 경우 주택임대 차계약의 신고를 한 것으로 본다.,O,앞뒤가 바뀌면 안돼요. 임대차 신고를 하 면 전입신고를 한 것으로 본다(×).
2-1-9. 주택 임대차 계약의 신고,413,임대차계약서를 제출하면서 신고를 하고 접수가 완료되면 주 택임대차보호법에 따른 확정일자가 부여된 것으로 본다.,O,그렇게 알아두시면 돼요.
2-1-10. 과태료,414,부당하게 재산상 이득을 취득할 목적으로 매매계약을 체결하지 아니하였음에도 불구하고 거짓으로 부동산 거래신고를 한 자는 3년 이하의 징역 또는 3천만원 이하의 벌금에 처한다. (,O,불불은 3년 이하의 징역 또는 3천만원 이 하의 벌금 사유에 해당하고 3천만원 이하 의 과태료 사유에도 해당해요.
2-1-10. 과태료,415,부동산 거래신고의 공동신고를 거부한 자에 대하여는 500만원 이하의 과태료를 부과한다.,O,부동산 거래신고를 하지 아니한 자에 해 당해요.
2-1-10. 과태료,416,개업공인중개사에게 거짓으로 부동산 거래신고를 하도록 요구 한 자는 과태료 부과대상자가 된다.,O,500만원 이하의 과태료
2-1-10. 과태료,417,개업공인중개사가 거짓으로 부동산거래계약 신고서를 작성하 여 신고한 경우에는 벌금형 부과사유가 된다.,X,벌금과 과태료는 다르다는 것을 주의하세요 거짓신고는 취득가액의 100분의 10 이하 과태료를 부과해요.
2-1-10. 과태료,418,신고관청의 요구에도 거래대금 지급을 증명할 수 있는 자료를 제출하지 아니한 자에게는 해당 부동산에 대한 취득가액의 100 분의 10 이하에 상당하는 금액의 과태료가 부과된다.,X,3천만원 이하의 과태료 거짓신고인 경우가 취득가액의 100분의 10이하 과태료예요.
2-1-10. 과태료,419,주택 임대차 계약의 변경 신고를 거짓으로 한 자에 대하여는 100만원 이하의 과태료를 부과한다. ,O,주택 임대차 계약의 신고 또는 변경·해 제 신고를 하지 아니하거나 신고를 거짓 으로 한 자는 모두 100과
2-2-1.외국인 등,420,외국인이 건축물에 대한 저당권을 취득하는 경우에는 부동산 거래신고 등에 관한 법률이 적용되지 않는다.,O,"저당권, 전세권, 임대차 등은 적용"
2-2-1.외국인 등,421,사원 또는 구성원의 2분의 1이상이 대한민국 국적을 보유하지 않은 법인은 외국인 등에 해당한다.,O,그렇지요.
2-2-1.외국인 등,422,대한민국의 국적을 보유하고 있지 않은 개인이 이사 등 임원의 2분의 1 이상인 단체는 외국인 등에 해당한다.,O,대한민국법령에 따라 설립된 법인이라도 이 요건을 갖추면 외국인 등에 해당해요.
2-2-1.외국인 등,423,외국의 법령에 따라 설립된 법인으로서 구성원의 2분의 1이 대 한민국 국민인 경우 외국인 등에 해당하지 아니한다.,X,외국의 법령에 따라 설립된 법인 또는 단 체는 무조건 외국인 등에 해당해요.
2-2-1.외국인 등,424,외국의 법령에 따라 설립된 법인이 자본금의 2분의 1이상을 가 지고 있는 법인은 외국인 등에 해당한다.,O,자본금 또는 의결권의 2분의 1이상을 외 국인 또는 외국법인이 갖고 있으면 '외국 인등'에 해당해요.
2-2-1.외국인 등,425,국제연합도 외국인 등에 포함된다.,O,그렇죠.
2-2-1.외국인 등,426,비정부 간 국제기구는 외국인 등에 포함된다.,O,"외국 정부, 국제연합과 그 산하기구·전 문기구, 정부 간 기구, 준정부 간 기구, 비 정부간 국제기구"
2-2-2. 부동산 등 취득신고,427,대한민국 국적을 보유하고 있지 아니한 자가 토지를 증여받은 경우 계약체결일부터 60일 이내에 취득신고를 해야 한다.,O,"계약(교환, 증여) : 계약일 60일 300과"
2-2-2. 부동산 등 취득신고,428,외국인 등이 토지 임대차계약을 체결하는 경우 계약체결일로부 터 6개월 이내에 신고관청에 신고해야 한다.,X,토지 임대차는 신고대상이 아니에요.
2-2-2. 부동산 등 취득신고,429,외국인 등이 대한민국 안의 부동산에 대한 매매 계약을 체결하 였을 때에는 계약체결일부터 60일 이내에 신고관청에 신고하여야 한다.,X,"매매(30일), 교환·증여(60일)"
2-2-2. 부동산 등 취득신고,430,외국인 등이 부동산 등의 취득신고를 하지 아니한 경우에는 벌 금형의 대상이 된다.,X,"신고는 과태료, 허가는 징역 또는 벌금"
2-2-2. 부동산 등 취득신고,431,외국인 등이 부동산 등의 매매계약을 체결하고 부동산 거래신 고를 한 때에도 외국인 등의 부동산 취득신고를 해야 한다.,X,부동산 거래신고를 하면 외국인 등 부동 산 취득신고를 하지 않아도 돼요.
2-2-2. 부동산 등 취득신고,432,교환계약을 체결하고 부동산 등의 취득신고를 하지 않은 경우 그 계약의 효력이 발생하지 않는다.,X,신고/허가 내용의 바꿔치기 신고하지 않거나 거짓신고를 해도 계약은 유 효이며 과태료를 받고 허가받지 않으면 계약은 무효이며 징역 또는 벌금형을 받아요.
2-2-2. 부동산 등 취득신고,433,증여계약으로 인한 부동산 취득에 대하여 거짓으로 신고한 경 우 300만원 이하의 과태료를 부과한다.,O,"교환, 증여: 계약일 60일 300과"
2-2-2. 부동산 등 취득신고,434,국제연합의 전문기구가 경매로 대한민국 안의 부동산 등을 취 득한 때에는 부동산 등을 취득한 날부터 60일 이내에 신고관청 에 신고해야한다.,X,"상속, 경매, 확정판결, 환매권 행사, 법인 합병, 건축물의 신축·증축·개축·재축 (상경ㅎㅎㅎㅊ): 6개월 이내 신고"
2-2-2. 부동산 등 취득신고,435,외국인이 상속으로 부동산 등을 취득한 후 법정기간 내에 신고 하지 않으면 100만원 이하의 과태료가 부과된다.,O,6개월 100과
2-2-2. 부동산 등 취득신고,436,외국의 법령에 의하여 설립된 법인이 합병을 통하여 부동산을 취득한 경우에는 취득한 날부터 60일 이내에 취득신고를 해야 한다.,X,법인의 합병도 계약 외의 원인이니 취득 일부터 6개월 이내에 신고해야죠.
2-2-2. 부동산 등 취득신고,437,외국인 등이 법원의 확정판결로 대한민국 안의 부동산 등을 취 득한 때에는 신고하지 않아도 된다.,X,6개월 이내에 신고하라니까요.
2-2-2. 부동산 등 취득신고,438,외국의 법령에 따라 설립된 법인이 건축물의 신축으로 국내 부 동산을 취득한 때에는 부동산을 취득한 날부터 60일 이내에 신 고관청에 취득신고를 하여야 한다.,X,"상경ㅎㅎㅎㅊ: 6개월, 100과"
2-2-2. 부동산 등 취득신고,439,대한민국 안의 부동산을 가지고 있는 대한민국 국민이 외국인 으로 변경된 경우 그 외국인이 해당 부동산을 계속 보유하려는 경우에는 부동산 보유의 허가를 받아야 한다.,X,"외국인 등으로 변경: 6개월 이내에 신고 해야 하고, 100만원 이하의 과태료예요."
2-2-2. 부동산 등 취득신고,440,부동산을 소유한 대한민국 국민이 대한민국 국적을 상실한 경 우 부동산을 계속 보유하려면 국적을 상실한 때부터 6개월 이 내에 계속보유 신고를 해야 한다.,O,국적 상실은 외국인 등으로 변경된 경우 를 말해요. 6개월 이내신고
2-2-3. 토지취득허가,441,자연환경보전법에 따른 생태·경관보전지역에서 외국인이 토지취득의 허가를 받지 아니하고 체결한 토지취득계약은 효력 이 없다.,O,군사 천연 문화 생태 으르렁 토지에 대해 허가를 받지 않고 체결한 계약은 무효
2-2-3. 토지취득허가,442,외국정부가 군사기지 및 군사시설 보호법에 따른 군사시설 보호구역 내 토지를 취득하려는 경우 계약체결 전에 국토교통 부장관에게 취득허가를 받아야 한다.,X,"신고도 신고관청에 하고, 허가도 신고관 청으로부터 받아야 해요."
2-2-3. 토지취득허가,443,외국인이 취득하려는 토지가 토지거래허가구역과 문화유산의 보존 및 활용에 관한 법률에 따른 지정문화유산과 이를 위한 보호물 또는 보호구역에 있으면 토지거래계약허가와 토지취득 허가를 모두 받아야 한다.,X,외국인 등의 토지취득허가와 토지거래계 약의 허가는 둘 중 하나만 받으면 돼요.
2-2-3. 토지취득허가,444,외국인이 수도법에 따른 상수원보호구역에 있는 토지를 취득 하려는 경우 토지취득계약을 체결하기 전에 신고관청으로부터 토지취득의 허가를 받아야 한다.,X,군사 천연 문화 생태 으르렁 외에는 허가 대상 토지가 아니란 점을 주의하세요
2-2-3. 토지취득허가,445,자연환경보전법에 따른 생태· 경관보전지역 내의 토지에 대하여 외국인 등의 토지거래 허가신청서를 받은 신고관청은 신청서를 받은 날부터 30일 이내에 허가 또는 불허가처분을 하 여야 한다.,X,"허가 또는 불허가처분: 군사시설 보호구 역(30일 +30일 범위에서 연장 가능), 천 연 문화 생태 으르렁(15일)"
2-2-3. 토지취득허가,446,특별자치시장은 외국인 등이 신고한 부동산 등의 취득·계속보 유 신고내용을 매 분기 종료일부터 1개월 이내에 직접 국토교통 부장관에게 제출하여야 한다.,O,"신고관청은 외국인 등의 신고 및 허가내 용을 매 분기 종료일부터 1개월 이내에 시·도지사에게 제출하고, 시·도지사는 1개월 이내에 국토교통부장관에게 제출해 요. 다만 특별자치시장은 매 분기 종료일 부터 1개월 이내에 직접 국토교통부장관 에게 제출해야 해요."
2-3-1. 허가구역의 지정 및 지정절차,447,도시·군관리계획 등 토지이용계획이 새로이 수립되는 지역은 토지의 투기적 거래나 지가의 급격한 상승이 우려되지 않아도 토지거래허가구역으로 지정할 수 있다.,X,토지이용계획이 새로이 수립되거나 변경되 는 지역이면서 투기적인 거래가 성행하거 나. 지가가 급격히 상승하는 지역과 그러한 우려가 있는 지역에 대해 지정할 수 있어요
2-3-1. 허가구역의 지정 및 지정절차,448,시·도지사는 법령의 개정으로 인해 토지이용에 대한 행위제한 이 강화되는 지역을 허가구역으로 지정할 수 있다.,X,행위제한이 완화되거나 해제되는 지역에 지정하는 것이죠.
2-3-1. 허가구역의 지정 및 지정절차,449,토지의 투기적인 거래 성행으로 지가가 급격히 상승하는 등의 특별한 사유가 있으면 5년 이상으로 허가구역을 지정할 수 있다.,X,5년 이내로 지정해요.
2-3-1. 허가구역의 지정 및 지정절차,450,허가구역 지정에 이의가 있는 자는 그 지정이 공고된 날부터 1개 월 내에 시장·군수·구청장에게 이의를 신청할 수 있다.,X,허가구역을 지정한 것에 대해 이의신청하 는 제도는 없어요. 허가 또는 불허가처분 에 대해 이의신청 가능: 1개월 시군구
2-3-1. 허가구역의 지정 및 지정절차,451,허가구역이 둘 이상의 시·도의 관할 구역에 걸쳐 있는 경우 시·도지사가 공동으로 허가구역을 지정한다.,X,둘 이상의 시·도: 국토교통부장관
2-3-1. 허가구역의 지정 및 지정절차,452,시·도지사는 토지거래허가구역을 지정하기 전에 중앙도시계 획위원회의 심의를 거쳐야 한다.,X,"국장은 중앙, 시·도지사는시·도"
2-3-1. 허가구역의 지정 및 지정절차,453,시·도지사가 토지거래허가구역을 지정하려면 시·도도시계획 위원회의 심의 전에 시장·군수 또는 구청장의 의견을 들어야 한다.,X,지정할 때는 의견을 듣지 않아요.
2-3-1. 허가구역의 지정 및 지정절차,454,"시·도지사는 지정기간이 끝나는 허가구역을 계속하여 다시 허 가구역으로 지정하려면, 시·도 도시계획위원회의 심의 전에 미리 시장·군수 또는 구청장의 의견을 들어야 한다.",O,재지정: 의견-심의
2-3-1. 허가구역의 지정 및 지정절차,455,허가구역 지정의 공고에는 허가구역에 대한 축척 5만분의 1또 는 2만 5천분의 1의 지형도가 포함되어야 한다.,O,"정기간, 허가대상자·허가대상 용도 및 지목, 소재지·용도지역 등, 지형도, 허가 면제대상 토지면적을 공고해야 해요."
2-3-1. 허가구역의 지정 및 지정절차,456,"시·도지사가 토지거래허가구역을 지정한 때에는 이를 공고하 고 그 공고내용을 국토교통부장관, 시장·군수 또는 구청장에 게 통지하여야 한다.",O,"국장이 지정·공고한 때에는 시·도지사 를 거쳐 시·군·구에 통지하고, 시·도 지사가 지정·공고한 때에는 국장과 시· 군·구에 통지해야 해요."
2-3-1. 허가구역의 지정 및 지정절차,457,허가구역을 지정한 시·도지사는 지체 없이 허가구역 지정에 관한 공고내용을 관할 등기소의 장에게 통지해야 한다.,X,허가구역의 지정·공고 내용을 통지받은 시장·군수 또는 구청장이 등기소장에게 통지해야 해요.
2-3-1. 허가구역의 지정 및 지정절차,458,허가구역 지정에 관한 공고 내용의 통지를 받은 시장· 군수 또 는 구청장은 그 사실을 15일 이상 공고해야 한다.,X,7공주 15일간 열받아. 7일 이상 공고하고 15일간 일반이 열람할 수 있도록 해야 해요
2-3-1. 허가구역의 지정 및 지정절차,459,허가구역의 지정은 시장·군수 또는 구청장이 허가구역 지정의 통지를 받은 사실을 공고한 날부터 5일 후에 그 효력이 발생한다.,X,지정권자인 국토교통부장관 또는 시·도 지사가 허가구역을 지정·공고한 날부터 5일 후부터 효력이 발생해요.
2-3-1. 허가구역의 지정 및 지정절차,460,국토교통부장관은 허가구역의 지정 사유가 없어졌다고 인정되 면 지체 없이 허가구역의 지정을 해제할 수 있다.,X,이유 있다고 인정되면 지체 없이 해제하 거나 일부를 축소하여야 한다.
2-3-1. 허가구역의 지정 및 지정절차,461,국토교통부장관은 허가구역의 지정사유가 없어졌다고 인정되 는 경우 중앙도시계획위원회의 심의를 거치지 않고 해제할 수 있다.,X,지정= 해제= 축소 해제나 축소하는 경우에도 도시계획위원 회 심의를 거쳐야 해요.
2-3-1. 허가구역의 지정 및 지정절차,462,"허가구역의 해제 또는 축소의 경우, 시장·군수 또는 구청장은 지체 없이 이를 7일 이상 공고하고, 그 공고내용을 15일간 일반 이 열람할 수 있도록 하여야 한다.",O,해제 및 축소 절차는 지정절차와 동일함.
2-3-2. 허가신청,463,허가구역 안에서의 토지거래계약을 체결하고자 하는 당사자는 공동으로 시·도지사의 허가를 받아야 한다.,X,허가관청은 시장·군수 또는 구청장
2-3-2. 허가신청,464,허가구역에 있는 토지에 관하여 사용대차계약을 체결하는 경우 에는 토지거래허가를 받을 필요가 없다.,O,무상인 사용대차는 허가대상이 아니에요.
2-3-2. 허가신청,465,허가구역 내의 토지의 소유권을 이전하는 계약을 체결하려는 경우에는 유·무상에 관계없이 토지거래계약에 관한 허가를 받 아야 한다.,X,"소유권·지상권을 유상으로 설정 또는 이 전하는 계약(예약 포함), 무상인 증여는 허가대상이 아녜요."
2-3-2. 허가신청,466,민사집행법에 따른 경매의 경우에는 허가구역 내 토지거래에 대한 허가의 규정은 적용하지 아니한다.,O,경매는 허가대상이 아님을 잘 출제해요.
2-3-2. 허가신청,467,"토지거래계약의 허가를 받으려는 자는 그 허가신청서에 계약내 용과 그 토지의 이용계획, 취득자금 조달계획 등을 적어 시장· 군수 또는 구청장에게 제출하여야 한다.",O,그대로 익혀 두세요.
2-3-2. 허가신청,468,허가관청은 허가신청서를 받은 날부터 15일 이내에 허가 또는 불허가처분을 하여야 한다.,O,민원처리에 관한 법률에 따른 처리기간 내에라고 해도 옳고 15일 이내에라고해 도 맞아요.
2-3-2. 허가신청,469,"민원처리에 관한 법률에 따른 처리기간에 허가증의 발급 또 는 불허가처분 사유의 통지가 없거나 선매 협의 사실의 통지가 없는 경우에는, 그 기간이 끝난 날의 다음 날에 토지거래계약의 허가가 있는 것으로 본다.",O,"민원처리기간(15일)이 끝난 날의 다음 날 허가가 있는 것으로 보니, 허가관청은지 체 없이 허가증을 발급해야 해요."
2-3-3. 허가기준 및 토지이용의무,470,"허가 면제 면적(㎡² 이하) : 주거지역, 상업지역, 공업 지역,녹지지역, 도시지역",X,"60, 150, 150, 200, 500, 1천"
2-3-3. 허가기준 및 토지이용의무,471,허가대상 토지를 자기의 거주용 주택용지로 이용하고자 토지거 래계약허가를 신청하는 경우에는 허가를 받지 않아도 된다.,X,"허가를 받지 않아도 되는 것이 아니라, 허 가는 받되 이 목적으로 허가신청을 하면 허가관청은 허가해야 한다."
2-3-3. 허가기준 및 토지이용의무,472,토지거래계약을 허가받은 자는 대통령령으로 정하는 사유가 있 는 경우 외에는 토지 취득일부터 10년의 범위에서 그 토지를 허 가받은 목적대로 이용해야 한다.,X,5년의 범위에서 허가받은 목적대로 이용 해야해요
2-3-3. 허가기준 및 토지이용의무,473,자기의 거주용 주택용지로 이용할 목적으로 토지거래계약을 허 가받은 자는 대통령령으로 정하는 사유가 있는 경우 외에는 취 득일부터 2년간 허가받은 목적대로 이용해야 한다.,O,"주택용지, 복지·편익, 농업, 대체 토지는 토지이용의무기간 2년"
2-3-3. 허가기준 및 토지이용의무,474,"토지거래계약허가를 받아 토지를 취득한 자가 직접 이용하지 않고 임대하여 이행명령을 받고도 정하여진 기간에 이를 이행 하지 아니한 경우, 시장·군수 또는 구청장은 토지 취득가액의 100분의 10에 상당하는 금액의 이행강제금을 부과한다.",X,"방치10, 임대7, 변경5, 기타7"
2-3-3. 허가기준 및 토지이용의무,475,"토지이용의무의 이행명령은 문서로 해야 하며, 이행기간은 6개 월 이내로 정하여야 한다.",X,이행기간은 3개월 이내로 정하여야 한다.
2-3-3. 허가기준 및 토지이용의무,476,허가관청은 최초의 의무이행위반이 있었던 날을 기준으로 1년 에 한 번씩 그 이행명령이 이행될 때까지 반복하여 이행강제금 을 부과·징수할 수 있다.,X,"1년에 한 번씩, 최초이행명령이 있었던 날을 기준으로 해요."
2-3-3. 허가기준 및 토지이용의무,477,허가관청은 토지의 이용 의무기간이 지난 후에도 이행명령 위 반에 대해서는 이행강제금을 부과할 수 있다.,X,이용의무기간이 지난 후에는 이행강제금 을 부과하지 않아요.
2-3-3. 허가기준 및 토지이용의무,478,"이행명령을 받은 자가 그 명령을 이행하는 경우 새로운 이행강 제금의 부과를 즉시 중지하며, 명령을 이행하기 전에 부과된 이 행강제금도 징수해서는 안 된다.",X,명령을 이행하기 전에 이미 부과된 이행 강제금은 징수해야 해요.
2-3-3. 허가기준 및 토지이용의무,479,이행강제금 부과처분을 받은 자가 시·도지사에게 이의를 제기 하려는 경우에는 부과처분을 고지받은 날부터 30일 이내에 하 여야 한다.,X,이행강제금을 허가관청이 부과했으니 이 의제기도 허가관청에 해야죠. 구청 앞에 가서 제기 30개 찰래?
2-3-3. 허가기준 및 토지이용의무,480,토지거래계약에 대해 불허가처분을 받은 매도인은 3개월 이내 에 시장·군수 또는 구청장에게 이의를 신청할 수 있다.,X,"의신청, 매수청구: 1개월 시·군·구"
2-3-3. 허가기준 및 토지이용의무,481,"토지거래계약 허가신청에 대해 불허가처분을 받은 경우, 그 통 지를 받은 날부터 1개월 이내에 시·도지사에게 해당 토지에 관 한 권리의 매수를 청구할 수 있다.",X,매수청구: 1개월 시·군·구
2-3-3. 허가기준 및 토지이용의무,482,농지에 대하여 토지거래계약 허가를 받은 경우에는 농지법에 따른 농지전용허가를 받은 것으로 본다.,X,허가를 받으면 ‘농지취득자격증명을 받은 것으로 본다'라고 해야죠.
2-3-3. 허가기준 및 토지이용의무,483,국세의 체납처분을 하는 경우에는 ‘허가구역 내 토지거래에 대 한 허가'의 규정을 적용한다.,X,허가규정을 적용하지 아니하는 허가면제 사유예요.
2-3-4. 선매,484,"시장·군수 또는 구청장은 공익사업용 토지에 대해 토지거래계 약에 관한 허가신청이 있는 경우, 한국토지주택공사가 그 매수 를 원하는 경우에는 한국토지주택공사를 선매자(先食春)로 지 정하여 그 토지를 협의 매수하게 할 수 있다.",O,선매의 개념을 정확히 알 수 있는 지문이 에요. 허가신청이 있는 경우와 매수를 원 하는 경우를 찾으면 선매라고 보면 돼요.
2-3-4. 선매,485,토지거래계약 허가를 받아 취득한 토지가 이용목적대로 이용되 고 있는 경우 해당 토지는 선매 협의매수의 대상이 된다.,X,공익사업용 토지 또는 허가받은 목적대로 이용하고 있지 아니한 토지가 선매대상 토지예요.
2-3-4. 선매,486,시장·군수 또는 구청장은 토지거래계약 허가의 신청이 있는 날부터 15일 이내에 선매자를 지정하여 토지소유자에게 통지해 야한다.,X,허가신청이 있는 날부터 1개월 이내에 선매 자를 지정하여 토지소유자에게 알려야 해요
2-3-4. 선매,487,선매자로 지정된 자는 그 지정통지를 받은 날부터 15일 이내에 매수가격 등 선매조건을 기재한 서면을 토지소유자에게 통지하 여 선매협의를 해야 한다.,O,선매자는 15일 이내 해야 한다. 1개월 이내에 끝내야 한다. 1개월 이내에 제출해야 한다.
2-3-4. 선매,488,선매자는 지정 통지를 받은 날부터 15일 이내에 선매협의조서 를 허가관청에 제출해야 한다.,X,선매자는 1개월 이내에 제출해야 한다.
2-3-4. 선매,489,선매자가 토지를 매수하는 경우의 가격은 토지소유자의 매입가 격을 기준으로 한다.,X,"선매는 감정가격. 다만, 허가신청서에 적 힌 가격이 감정가격보다 낮은 경우에는 허가신청서에 적힌 가격으로 매수할 수 있다. 매수청구는 공시지가. 매공선감"
2-3-4. 선매,490,선매협의가 이루어지지 아니한 때에는 토지거래계약에 관한 허 가신청에 대하여 불허가처분을 해야 한다.,X,허가관청은 선매협의가 이루어지지 아니 한 경우에는 지체 없이 허가 또는 불허가 의 여부를 결정하여 통보해야 해요.
2-3-5. 부동산 거래신고 등에 관한 법령상 포상금,491,부동산 등의 실제 거래가격을 거짓으로 신고한 자를 신고관청 이 적발하기 전에 고발한 자에게는 부과되는 과태료의 100분의 30에 해당하는 포상금을 지급한다.,X,실제 거래가격을 거짓신고를 한 자에게는 부과되는 과태료의 100분의 20을 지급하 되 1천만원을 넘을 수 없어요.
2-3-5. 부동산 거래신고 등에 관한 법령상 포상금,492,포상금의 지급에 드는 비용은 국고로 충당한다.,X,시·군이나 구의 재원으로 충당해요. 공 인중개사법에서는 일부 국고 보조할 수 있지요.
2-3-5. 부동산 거래신고 등에 관한 법령상 포상금,493,해당 위반행위에 관여한 자가 신고한 경우라도 신고포상금은 지급하여야 한다.,X,위반행위를 한 자나 위반행위에 관여한 자가 신고하면 당연히 못주죠
2-3-5. 부동산 거래신고 등에 관한 법령상 포상금,494,익명으로 고발하여 고발인을 확인할 수 없는 경우에는 해당 신 고포상금은 국고로 환수한다.,X,그냥 지급하지 않아요.
2-3-5. 부동산 거래신고 등에 관한 법령상 포상금,495,신고관청 또는 허가관청으로부터 포상금 지급 결정을 통보받은 신고인은 포상금을 받으려면 포상금 지급신청서를 작성하여 신 고관청 또는 허가관청에 제출하여야 한다.,O,위반행위자 신고신고(허가)관청은 신 고(고발)인에게 포상금 지급 여부를 통보 ☆신고(고발)인은 포상금 지급신청서 제 출신고(허가)관청은 접수한 날부터 2 개월 이내에 포상금 지급
2-3-5. 부동산 거래신고 등에 관한 법령상 포상금,496,신고관청에 포상금지급신청서가 접수된 날부터 1개월 이내에 포상금을 지급하여야 한다.,X,공인중개사법: 지급결정일부터 1개월 / 거래신고법: 신청서를 접수한 날부터 2개월. 접수는 2번 창구예요.
2-3-5. 부동산 거래신고 등에 관한 법령상 포상금,497,신고관청은 하나의 위반행위에 대하여 2명 이상이 각각 신고한 경우에는 포상금을 균등하게 배분하여 지급한다.,X,2명 이상이 각각 신고했다는 말은 2건 이 상의 신고가 접수된 경우이니 최초로 신 고한 자에게만 지급해야죠.
3-1-2. 분묘기지권,498,분묘기지권을 시효취득한 사람은 시효취득한 때부터 지료를 지 급할 의무가 발생한다.,X,토지소유자가 지료를 청구한 날부터
3-1-2. 분묘기지권,499,"甲이 자기 소유 토지에 분묘를 설치한 후 그 토지를 乙에게 양 도하면서 분묘를 이장하겠다는 특약을 하지 않음으로써 甲이 분묘기지권을 취득한 경우, 특별한 사정이 없는 한 甲은 분묘의 기지에 대한 토지사용의 대가로서 지료를 지급할 의무가 없다.",X,분묘기지권이 성립한 때부터 지료를 지급 할 의무가 있어요.
3-1-2. 분묘기지권,500,분묘기지권은 지상권 유사의 관습상 물권이다.,O,판례의 내용이에요
3-1-2. 분묘기지권,501,분묘기지권의 존속기간은 지상권의 존속기간에 대한 규정이 유 추적용되어 30년으로 인정된다.,X,"분묘의 수호와 봉제사를 계속하는 한, 그 분묘가 존속하고 있는 동안은 분묘기지권 은 존속해요"
3-1-2. 분묘기지권,502,분묘기지권의 효력이 미치는 범위는 분묘의 기지 자체에 한정 된다.,X,분묘 기지에만 미치면 어디에서 절을 해 요. 분묘의 주위 공지까지 미쳐요.
3-1-2. 분묘기지권,503,분묘기지권에는 그 효력이 미치는 범위 안에서 새로운 분묘를 설치할 권능은 포함되지 않는다.,O,그럼요. 남의 땅이잖아요
3-1-2. 분묘기지권,504,장래의 묘소(가묘)는 분묘에 해당하지 않는다.,O,가묘는 분묘기지권을 취득할 수 없다는 말이죠.
3-1-2. 분묘기지권,505,분묘기지권은 권리자가 의무자에 대하여 그 권리를 포기하는 의사표시를 하는 외에 점유까지도 포기해야만 그 권리가 소멸 하는 것은 아니다.,O,포기하는 의사표시만 하면 분묘기지권은 소멸해요.
3-1-2. 분묘기지권,506,분묘기지권을 취득한 자는 그 분묘기지권의 등기 없이도 그 분 묘가 설치된 토지의 매수인에게 대항할 수 있다.,O,그럼요.
3-1-2. 분묘기지권,507,분묘기지권은 등기사항증명서를 통해 확인할 수 없다.,O,등기가 되지 않으니까요.
3-1-2. 분묘기지권,508,평장의 경우에도 유골이 매장되어 있는 때에는 분묘기지권이 인정된다.,X,봉분이 있어야 함
3-1-2. 분묘기지권,509,분묘기지권이 인정되는 분묘가 멸실되었더라도 유골이 존재하 여 분묘의 원상회복이 가능하고 일시적인 멸실에 불과하다면 분묘기지권은 소멸하지 않는다.,O,판례예요.
3-1-3. 장사 등에 관한 법률,510,"장사 등에 관한 법률의 시행에 따라 그 시행일 이전의 분묘기 지권은 존립 근거를 상실하고, 그 이후에 설치된 분묘에는 분묘 기지권이 인정되지 않는다.",X,장사법 시행 전 이미 취득한 분묘기지 권은 장사법 시행 이후에도 그 효력은 계속 유지돼요.
3-1-3. 장사 등에 관한 법률,511,장사 등에 관한 법률이 시행되기 전에 설치된 분묘의 경우 그 법의 시행 후에는 분묘기지권의 시효취득이 인정되지 않는다.,X,장사법 시행 전 설치된 분묘는 현재 분 묘기지권의 시효취득이 가능해요.
3-1-3. 장사 등에 관한 법률,512,장사 등에 관한 법률 시행일(2001. 1. 13.) 이후 토지 소유자 의 승낙 없이 설치한 분묘에 대해서 분묘기지권의 시효취득을 주장할 수 있다.,X,장사법 시행 후 설치된 분묘는 분묘기 지권을 시효취득할 수 없어요.
3-1-3. 장사 등에 관한 법률,513,개인묘지란 1기의 분묘 또는 해당 분묘에 매장된 자와 배우자 관계였던 자의 분묘를 같은 구역 안에 설치하는 묘지를 말한다.,X,부부는 가족이 아니니까요.
3-1-3. 장사 등에 관한 법률,514,개인묘지를 설치하고자 하는 자는 시장 등의 허가를 받아야 한다.,X,"개인묘지는 30일 이내에 신고, 가족·종 중·문중·법인묘지는 모두 설치 전에 허 가를 받아야 해요."
3-1-3. 장사 등에 관한 법률,515,가족묘지를 설치하려면 해당 묘지를 관할하는 시장 등의 허가 를 받아야 한다.,O,가족묘지는 허가
3-1-3. 장사 등에 관한 법률,516,개인묘지는 30m²를 초과해서는 아니 된다.,O,개인묘지 면적 30m² 이하
3-1-3. 장사 등에 관한 법률,517,"가족묘지는 가족당 1개소로 제한하되, 그 면적은 100제곱미터 이하여야 한다.",O,가족묘지 면적 100m² 이하
3-1-3. 장사 등에 관한 법률,518,가족묘지 안의 분묘 1기 및 그 시설물의 총면적은 합장하는 경 우 20m²까지 가능하다.,X,"가족, 종중·문중, 법인묘지 안의 분묘 1기 및 시설물의 면적은 단분은 10㎡²(합장은 15m²)를 초과할 수 없어요"
3-1-3. 장사 등에 관한 법률,519,민법에 따라 설립된 사단법인은 법인묘지의 설치 허가를 받 을 수 없다.,O,비영리 목적으로 설립되는 민법에 의하 여 설립된 재단법인에 한하여 법인묘지의 허가를 받을 수 있거든요.
3-1-3. 장사 등에 관한 법률,520,최종으로 연장 받은 설치기간이 종료한 분묘의 연고자는 설치기 간 만료 후 2년 내에 분묘에 설치된 시설물을 철거해야 한다.,X,"치기간은 30년, 30년 1회 한하여 연장 가능, 종료 후 1년 이내 철거해야 해요."
3-1-3. 장사 등에 관한 법률,521,문중자연장지를 조성하려는 자는 관할 시장 등의 허가를 받아 야한다.,X,인자연장지: 30일 이내 신고 - 가족자연장지: 미리 신고 -종중·문중 자연장지: 미리신고 -법인 등 자연장지: 미리허가
3-1-3. 장사 등에 관한 법률,522,토지소유자의 승낙 없이 타인 소유의 토지에 자연장을 한 자는 토지소유자에 대하여 시효취득을 이유로 자연장의 보존을 위한 권리를 주장할 수 없다.,O,장사법 시행 후 타인 토지에 분묘를 설 치하거나 자연장을 하면 시효로 인한 취 득을 주장할 수 없어요.
"3-1-4. 주택임대차보호법- 보호대상, 대항력, 우선변제권",523,주거용 건물에 해당하는지 여부는 임대차목적물의 공부상의 표 시만을 기준으로 정하여야 한다.,X,사실상 주거용으로 사용하면 보호돼요.
"3-1-4. 주택임대차보호법- 보호대상, 대항력, 우선변제권",524,임차인이 임차주택의 일부를 주거 외의 목적으로 사용하면 주 택임대차보호법의 적용을 받지 못한다. (,X,일부를 주거 외로 사용해도 보호받아요. 나머지는 주택으로 사용하니까요.
"3-1-4. 주택임대차보호법- 보호대상, 대항력, 우선변제권",525,자연인인 임차인에 한하여 주택임대차보호법에 의한 보호를 받는다.,X,"한국토지주택공사, 지방공사, 중소기업은 주임법에 따라 대항력을 취득할 수 있 는 법인입니다."
"3-1-4. 주택임대차보호법- 보호대상, 대항력, 우선변제권",526,중소기업기본법에 따른 중소기업이 주택을 임차하면서 그 소 속직원의 명의로 주민등록을 한 경우 그 다음 날 중소기업은 대 항력을 취득한다.,O,중소기업기본법에 따른 중소기업은 대 항력 취득할 수 있어요.
"3-1-4. 주택임대차보호법- 보호대상, 대항력, 우선변제권",527,일시사용을 위한 임대차임이 명백한 경우에도 주택임대차보 호법이 적용된다.,X,일시사용은 주임법이 적용되지 않아요.
"3-1-4. 주택임대차보호법- 보호대상, 대항력, 우선변제권",528,주택의 등기를 하지 아니한 전세계약에 관하여는 주택임대차 보호법을 준용한다.,O,조문이에요. 등기하지 않은 전세계약을 체결한 경우도 주임법을 적용하여 보호 해주겠다는 말이에요.
"3-1-4. 주택임대차보호법- 보호대상, 대항력, 우선변제권",529,주택임대차보호법에 위반된 약정으로서 임차인에게 불리한 것은 그 효력이 없다.,O,그럼요.
"3-1-4. 주택임대차보호법- 보호대상, 대항력, 우선변제권",530,임차인이 임차주택에 대한 대항력을 취득하려면 확정일자를 요 한다.,X,"대항력은 인도와 주민등록만 하면 다음 날 발생하고, 확정일자는 대항력 취득요건이 아 니라 우선변제권을 취득하기 위한 요건이죠"
"3-1-4. 주택임대차보호법- 보호대상, 대항력, 우선변제권",531,임차인이 임대차 등기를 한 때에도 주택을 인도받고 주민등록 의 이전을 하지 않으면 대항력이 인정되지 않는다.,X,등기를 했으니 인도와 주민등록의 요건을 갖추지 않아도 대항력이 인정돼요.
"3-1-4. 주택임대차보호법- 보호대상, 대항력, 우선변제권",532,임차인이 최우선변제권이 인정되는 소액임차인인 때에도 선순 위 저당권이 실행되면 경매로 임차권은 소멸한다.,O,임차인의 선순위 저당권이 실행되면 임차 권은 무조건 소멸돼요.
"3-1-4. 주택임대차보호법- 보호대상, 대항력, 우선변제권",533,대항력을 유지하기 위한 요건으로서의 주민등록은 임차인뿐만 아니라 그 자녀의 주민등록도 유효하다.,O,임차인 외 가족의 주민등록도 인정
"3-1-4. 주택임대차보호법- 보호대상, 대항력, 우선변제권",534,한 지번에 다가구용 단독주택 1동만 있는 경우 임차인이 전입신 고시 그 지번만 기재하고 편의상 부여된 호수를 기재하지 않았 다면 대항력을 취득하지 못한다.,X,다가구는 단독주택이니 지번만 전입신고 를 해도 대항력을 취득하죠.
"3-1-4. 주택임대차보호법- 보호대상, 대항력, 우선변제권",535,다세대 주택인 경우 전입신고시 지번만 기재하고 동·호수는 기재하지 않더라도 대항력을 인정받는다.,X,다세대 주택은 공동주택이므로 지번만 주 민등록을 한 경우 대항력이 없죠. 동·호 수까지 해야해요.
"3-1-4. 주택임대차보호법- 보호대상, 대항력, 우선변제권",536,임차인이 전입신고를 올바르게 하고 입주했으나 공무원이 착오 로 지번을 잘못 기재하였다면 정정될 때까지 대항력이 생기지 않는다.,X,"전입신고를 올바르게 했기 때문에 공무원 이 착오로 잘못 기재했어도 대항력은 있 어요. 다만, 처음엔 올바르게 전입신고서 를 제출했으나 공무원의 착오로 수정을 요구하여 잘못된 지번으로 수정하고 다시 주민등록을 한 경우는 대항력이 없어요."
"3-1-4. 주택임대차보호법- 보호대상, 대항력, 우선변제권",537,다가구용 단독주택을 임차하여 대항력을 취득한 후에 그 주택 이 다세대주택으로 변경된 사정만으로는 임차인의 대항력이 상 실하는 것은 아니다.,O,유명한 판례죠.
"3-1-4. 주택임대차보호법- 보호대상, 대항력, 우선변제권",538,대항력을 갖춘 임차인이라도 저당권설정등기 이후 증액된 임차 보증금에 관하여는 저당권에 기해 주택을 경락받은 소유자에게 대항할 수 없다.,O,저당권 등기 이후에 증액된 부분은 경락 인에게 대항할 수 없어요
"3-1-4. 주택임대차보호법- 보호대상, 대항력, 우선변제권",539,임차인은 선순위의 저당권자에 의하여 경매가 이루어진 경우 보증금을 모두 변제받을 때까지 임차권의 존속을 주장할 수 있다.,X,선순위 저당권 밑에 있는 임차인이기 때 문에 경매되면 후순위 임차권은 소멸하고 경락인에게 대항할 수 없어요
"3-1-4. 주택임대차보호법- 보호대상, 대항력, 우선변제권",540,임차인이 주택의 인도를 받고 주민등록을 마친 날과 제3자의 저당권설정 등기일이 같은 날이면 임차인은 저당권의 실행으로 그 주택을 취득한 매수인에게 대항하지 못한다.,O,대항력은 주민등록을 한 다음 날 발생하 니 저당권이 선순위라서 대항할 수 없죠
"3-1-4. 주택임대차보호법- 보호대상, 대항력, 우선변제권",541,주택임차인이 별도로 전세권설정등기를 마쳤더라도 주택임대 차보호법상의 대항요건을 상실하면 이미 취득한 동법상의 대 항력을 상실한다.,O,임차권과 전세권은 별개의 권리이므로 대항 요건을 상실하면 주임법 상 대항력은 상실 하는 것이지 전세권으로 인해 기존의 대항 력이 유지되는 것은 아니라는 내용이에요
"3-1-4. 주택임대차보호법- 보호대상, 대항력, 우선변제권",542,임차권등기 없이 우선변제청구권이 인정되는 소액임차인의 소 액보증금반환채권은 배당요구가 필요한 배당요구채권에 해당 하지 않는다.,X,등기되지 않은 임차인이라서 배당요구를 해야 배당을 받을 수 있어요
"3-1-4. 주택임대차보호법- 보호대상, 대항력, 우선변제권",543,"임차권등기가 첫 경매개시결정등기 전에 등기된 경우, 임차인 이 별도의 배당요구를 하지 않아도 배당받을 채권자에 속한다.",O,"등기되지 않은 대항력 및 확정일자를 갖 춘임차인은 배당요구를 해야 배당받을 수 있는데, 임차권등기명령을 통해 등기 가 되면 배당요구를 하지 않아도 배당받 을 수 있어요"
"3-1-4. 주택임대차보호법- 보호대상, 대항력, 우선변제권",544,소액임차인의 최우선변제권은 주택가액(대지가액 포함)의 3분 의 1에 해당하는 금액까지만 인정된다.,X,2분의 1까지 인정되죠
"3-1-4. 주택임대차보호법- 보호대상, 대항력, 우선변제권",545,임차인이 임차주택에 대하여 보증금반환청구소송의 확정판결 에 따라 경매를 신청하는 경우 반대의무의 이행이나 이행의 제 공을 집행개시의 요건으로 하지 아니한다.,O,경매신청을 할 때는 방을 안 때도 된다는 말이죠
"3-1-4. 주택임대차보호법- 보호대상, 대항력, 우선변제권",546,임대차계약을 체결하려는 자는 임차인의 동의를 받아 확정일자 부여기관에 해당 주택의 확정일자 부여일 정보의 제공을 요청 할 수 있다.,X,"임대인의 동의를 받아… 그리고 임대차 계약을 체결하려는 자는 임대인과 임차인 의 인적 사항은 요청할 수 없어요. 확정일 자부여일, 차임, 보증금, 임대차기간에 대해 정보의 제공을 요청할 수 있지요."
"3-1-5. 주택임대차보호법-갱신요구권, 임차권 등기명령",547,"임대차계약이 묵시적으로 갱신된 경우, 임차인은 임대차계약의 존속기간이 2년이라고 주장할 수 있다.",O,임차인만 2년을 주장할 수 있어요.
"3-1-5. 주택임대차보호법-갱신요구권, 임차권 등기명령",548,"임대차계약이 묵시적으로 갱신된 경우, 임대인은 언제든지 임 차인에게 계약해지를 통지할 수 있다.",X,"임대차계약이 묵시적으로 갱신된 경우, 임대인은 언제든지 임 차인에게 계약해지를 통지할 수 있다."
"3-1-5. 주택임대차보호법-갱신요구권, 임차권 등기명령",549,임차인은 최초의 임대차기간을 포함한 전체 임대차기간이 10년 을 초과하지 아니하는 범위에서 계약갱신요구권을 행사할 수 있다.,X,"0년까지 할 수 있는 것은 상가이고, 주택 은 1회만 할 수 있고 2년으로 본다."
"3-1-5. 주택임대차보호법-갱신요구권, 임차권 등기명령",550,임차인이 계약갱신요구권을 행사하여 임대차계약이 갱신된 우 임대인은 차임을 증액할 수 없다.,X,20분의 1까지 증액청구 할 수 있어요.
"3-1-5. 주택임대차보호법-갱신요구권, 임차권 등기명령",551,임차인이 임대인에게 계약갱신요구권을 행사하여 계약이 갱신 된 경우 임차인은 언제든지 임대인에게 계약해지를 통지할 수 있다.,O,계약갱신요구권 행사로 갱신된 경우 및 묵시적 갱신된 경우 모두 임차인만 언제 든지 계약의 해지를 통지할 수 있어요.
"3-1-5. 주택임대차보호법-갱신요구권, 임차권 등기명령",552,차임 등의 증액청구에 대한 제한규정은 임대차계약이 종료된 후 재계약을 하는 경우에도 적용된다.,X,20분의 1증액청구제한은 재계약시에는 적용되지 않아요.
"3-1-5. 주택임대차보호법-갱신요구권, 임차권 등기명령",553,당사자의 합의로 임대차계약기간을 1년으로 정한 경우에 임차 인은 그 기간이 유효함을 주장할 수 있다.,O,.임차인만 2년 미만의 유효함을 주장할 수 있죠
"3-1-5. 주택임대차보호법-갱신요구권, 임차권 등기명령",554,이행지체에 빠진 임대인의 보증금반환의무는 임차권등기명령 에 의하여 등기된 임차권등기의 말소의무보다 먼저 이행되어야 한다.,O,임대인이 이미 이행지체에 빠진 상태이니 당연히 그래야죠
"3-1-5. 주택임대차보호법-갱신요구권, 임차권 등기명령",555,임차권등기명령에 따라 등기되었더라도 임차인이 주택의 점유 를 상실하면 대항력을 잃는다.,X,등기된 후에는 점유를 상실해도 기존의 대항력과 우선변제권은 그대로 유지되죠
"3-1-5. 주택임대차보호법-갱신요구권, 임차권 등기명령",556,확정일자 없이 대항요건만을 갖춘 임차인은 임차권등기명령에 의해 임차권 등기가 경료되더라도 우선변제권을 취득하지 못한다.,X,"임차권등기명령에 따른 등기가 되면 대항 력과 우선변제권이 없는 임차인은 두가 지 모두 발생하며, 대항력만 있었던 임차 인은 우선변제권을 취득해요."
"3-1-5. 주택임대차보호법-갱신요구권, 임차권 등기명령",557,임차권등기명령의 집행에 따른 임차권등기가 끝난 주택을 그 이후에 임차한 임차인은 보증금 중 일정액을 다른 담보물권자 보다 우선하여 변제받을 권리가 없다.,O,임차권등기명령에 따라 등기된 주택을 그 이후에 들어온 임차인은 최우선변제권이 인정되지 않는다는 말이에요.
"3-1-5. 주택임대차보호법-갱신요구권, 임차권 등기명령",558,"임차인은 임차권등기와 관련하여 든 비용을 임대인에게 청구할 수 있으나, 임차권등기명령 신청과 관련하여 든 비용은 청구할 수없다.",X,임차권등기명령의 신청비용 및 등기와 관 련하여 든 비용을 모두 임대인에게 청구 할 수 있어요.
"3-1-5. 주택임대차보호법-갱신요구권, 임차권 등기명령",559,임차인이 상속권자 없이 사망한 경우 그 주택에서 가정공동생 활을 하던 사실상의 혼인관계에 있는 자는 임차인이 사망한 후 1개월 이내에 임대인에 대하여 반대의사를 표시하지 않는 한 임 차인의 권리와 의무를 승계한다.,O,그렇죠.
3-1-6. 상가건물 임대차보호법(환산보증금 이하),560,사업자등록을 마친 임차인이 폐업신고를 하였다가 다시 같은 상호 및 등록번호로 사업자등록을 한 경우 상가건물 임대차 보호법상의 대항력 및 우선변제권은 그대로 존속한다.,X,그럴리가요.
3-1-6. 상가건물 임대차보호법(환산보증금 이하),561,임차인이 상가건물의 일부를 임차하는 경우 대항력을 갖추기 위한 요건의 하나로 사업자등록 신청시 임차부분을 표시한 도 면을 첨부해야한다.,O,판례예요.
3-1-6. 상가건물 임대차보호법(환산보증금 이하),562,상가건물의 임대차를 등기한 때에는 그 다음 날부터 제3자에 대하여 효력이 생긴다.,X,"사업자등록을 신청하는 경우는 다음 날 대항력이 생기고, 등기를 하는 경우는 등 기한 날부터 효력이 있는 것이죠."
3-1-6. 상가건물 임대차보호법(환산보증금 이하),563,임차인이 임대인의 동의 없이 목적 건물의 일부를 전대한 경우 에는 임대인은 임차인의 계약갱신요구를 거절할 수 있다.,O,임대인 동의 없이 전부 또는 일부를 전대 하는 경우는 갱신거절사유예요.
3-1-6. 상가건물 임대차보호법(환산보증금 이하),564,"임차인이 2기의 차임액에 해당하는 금액에 이르도록 차임을 연 체한 사실이 있는 경우, 임대인은 임차인의 계약갱신요구를 거 절할 수 있다.",X,"주임법은 2기, 상임법은3기"
3-1-6. 상가건물 임대차보호법(환산보증금 이하),565,임차인은 계약갱신요구권을 1회에 한하여 행사할 수 있으며 존 속기간은 2년으로 본다.,X,최초 기간 포함 10년까지 할 수 있고 횟수 의 제한은 없어요.
3-1-6. 상가건물 임대차보호법(환산보증금 이하),566,임대인의 동의를 받고 전대차계약을 체결한 전차인은 임차인의 계약갱신요구권 행사기간 이내에 임차인을 대위하여 임대인에 게 계약갱신요구권을 행사할 수 있다.,O,임차인이 행사할 수 있는 기간의 범위에 서 임차인을 대위해서만 가능해요.
3-1-6. 상가건물 임대차보호법(환산보증금 이하),567,갱신되는 임대차는 전(前) 임대차와 동일한 조건으로 다시 계약 된 것으로 보므로 차임과 보증금은 변경할 수 없다.,X,"증액청구를 할 수 있는데 환산보증금 범 위내에서는 100분의 5이내에서 가능하 고, 환산보증금 초과되면 증액청구제한이 없어요."
3-1-6. 상가건물 임대차보호법(환산보증금 이하),568,"임차인은 대항력과 확정일자를 갖춘 경우, 경매에 의해 매각된 임차건물을 양수인에게 인도하지 않더라도 배당에서 보증금을 수령할 수 있다.",X,"임차인이 강제경매를 신청할 때에는 건물 을 양수인에게 인도하지 않고 신청할 수 있지만, 임차건물을 양수인에게 인도하지 않으면 경매에서 배당을 받을 수는 없어요."
3-1-6. 상가건물 임대차보호법(환산보증금 이하),569,보증금이 전액 변제되지 아니한 대항력이 있는 임차권은 임차 건물에 대하여 민사집행법에 따른 경매가 실시된 경우에 그 임차건물이 매각되면 소멸한다.,X,보증금이 모두 변제되지 않은 대항력 있 는 임차권은 경매로 소멸하지 않아요.
3-1-6. 상가건물 임대차보호법(환산보증금 이하),570,임대차계약을 체결하려는 자는 임대인의 동의를 얻어 관할 세 무서장에게 임대인·임차인의 인적 사항이 기재된 서면의 열람 을 요청할 수 있다.,X,임대차계약을 체결하려는 자와 임대차계 약의 당사자가 아닌 이해관계인은 인적 사 항의 요청은 할 수 없고 임대차계약을 체 결하려는 자는 임대인의 동의가 필요해요.
3-1-6. 상가건물 임대차보호법(환산보증금 이하),571,임차인은 임차권등기명령의 신청 및 그에 따른 임차권 등기와 관련하여 지출한 비용을 임대인에게 청구할 수 있다.,O,신청비용 및 등기비용 모두 청구
3-1-6. 상가건물 임대차보호법(환산보증금 이하),572,"차임이 경제사정의 침체로 상당하지 않게 된 경우, 당사자는 장 래의 차임 감액을 청구할 수 있다.",O,"증액, 감액 모두 청구할 수 있는데 증액만 100분의 5로 제한해요. 그러나 환산보증 금을 초과하는 경우에는 100분의 5를 초 과할 수도 있죠."
3-1-6. 상가건물 임대차보호법(환산보증금 이하),573,차임 또는 보증금의 증액을 하는 경우 약정한 차임 또는 보증금 의 100분의 5를 초과하지 못한다.,O,환산보증금 이하는 5% 이하로 제한
3-1-6. 상가건물 임대차보호법(환산보증금 이하),574,"임대차 기간을 6개월로 정한 경우, 임차인은 그 유효함을 주장 할 수 없다.",X,환산보증금 이하에서 임차인만 1년 미만의 유효함 주장할 수 있고 임대인은 안돼요
3-1-6. 상가건물 임대차보호법(환산보증금 이하),575,임차인의 차임연체액이 3기의 차임액에 달하는 때에는 임대인 은 계약을 해지할 수 있다.,O,2기가 아니라 3기라는 것을 주의해요.
3-1-6. 상가건물 임대차보호법(환산보증금 이하),576,국토교통부장관은 권리금에 대한 감정평가의 절차와 방법 등에 관한 기준을 고시할 수 있다.,O,권리금 뜨면 국토교통부장관~
3-1-6. 상가건물 임대차보호법(환산보증금 이하),577,국토교통부장관은 법무부장관과 협의를 거쳐 표준권리금계약 서를 정하여 그 사용을 권장할 수 있다.,O,권리금 뜨면 국토교통부장관~
3-1-6. 상가건물 임대차보호법(환산보증금 이하),578,甲으로부터 X건물을 양수한 丙은 甲의 지위를 승계한 것으로 본다. 임대인甲이며 임차인乙 계약기간은 8개월 ,O,대항력 인정돼요. 표준계약서3권대요
3-1-6. 상가건물 임대차보호법(환산보증금 이하),579,"건물이 경매로 매각된 경우, 확정일자를 갖춘 乙은 자신의 보증 금을 후순위 저당권자보다 우선하여 변제받을 수 있다. . 임대인甲이며 임차인乙 계약기간은 8개월 ",X,우선변제권은 인정 안돼요.
3-1-6. 상가건물 임대차보호법(환산보증금 이하),580,乙은 최초의 임대차기간을 포함한 전체 임대차기간이 10년을 초과하지 않는 범위에서 甲에게 계약의 갱신을 요구할 수 있다. . 임대인甲이며 임차인乙 계약기간은 8개월 ,O,계약갱신요구권인정돼요.
3-1-6. 상가건물 임대차보호법(환산보증금 이하),581,乙의 계약갱신요구권에 따라 갱신되는 임대차는 전 임대차와 동일한 조건으로 다시 계약된 것으로 본다. . 임대인甲이며 임차인乙 계약기간은 8개월 ,O,계약갱신요구권 인정되니까요.
3-1-6. 상가건물 임대차보호법(환산보증금 이하),582,乙.의 갱신요구에 따라 계약이 갱신된 경우 甲은 주변 상가건물 의 차임 등 경제사정의 변동을 이유로 乙에게 차임의 100분의 5를 초과하여 증액을 요청할 수 있다. . 임대인甲이며 임차인乙 계약기간은 8개월 ,O,환산보증금 초과인 경우 5% 초과 증액 가 능해요.
3-1-6. 상가건물 임대차보호법(환산보증금 이하),583,"임대차종료 후 보증금이 반환되지 않은 경우, 乙은 건물 소재지 관할법원에 임차권등기명령을 신청할 수 있다. . 임대인甲이며 임차인乙 계약기간은 8개월 ",X,환산보증금 초과인 경우 임차권등기명령 을 신청할 수 없어요.
3-1-6. 상가건물 임대차보호법(환산보증금 이하),584,甲과 乙의 임대차 기간은 1년으로 본다.  임대인甲이며 임차인乙 계약기간은 8개월 ,X,환산보증금 초과인 경우 1년 미만으로 약 정한 경우는 1년으로 본다는 규정은 적용 되지 않아요.
3-1-6. 상가건물 임대차보호법(환산보증금 이하),585,甲은 8개월로 정한 기간이 유효함을 주장할 수 있다. 임대인甲이며 임차인乙 계약기간은 8개월 ,O,임대인과 임차인 모두 1년 미만의 유효함 을 주장할 수 있어요.
3-1-6. 상가건물 임대차보호법(환산보증금 이하),586,"계약이 묵시적으로 갱신된 경우, 그 기간은 1년으로 본다. 임대인甲이며 임차인乙 계약기간은 8개월 ",X,환산보증금 초과에서 묵시적 갱신은 민법 을 적용하니 기간의 정함이 없는 것으로 본다.
3-1-6. 상가건물 임대차보호법(환산보증금 이하),587,계약이 묵시적으로 갱신된 경우 甲은 언제든지 乙에게 계약의 해지를 통고할 수 있다. 임대인甲이며 임차인乙 계약기간은 8개월 ,O,환산보증금 초과에서 묵시적 갱신은 민법 을 적용하니 임대인과 임차인 모두 계약 의 해지를 통고할 수 있어요.
3-1-6. 상가건물 임대차보호법(환산보증금 이하),588,위 임대차인 경우에도 상가건물 임대차보호법상 권리금에 관 한 규정이 적용된다. 임대인甲이며 임차인乙 계약기간은 8개월 ,O,표준계약서 3권 대요
3-2-1. 경매절차,589,강제경매신청을 기각하거나 각하하는 재판에 대하여는 즉시항 고를 할 수 있다.,O,지문처럼 익혀두세요.
3-2-1. 경매절차,590,경매개시결정을 한 부동산에 대하여 다른 강제경매의 신청이 있는 때에는 법원은 뒤의 경매신청을 각하해야 한다.,X,"법원은 다시 경매개시결정을 하고, 먼저 경매개시결정을 한 집행절차에 따라 경매 한다."
3-2-1. 경매절차,591,경매개시결정등기가 된 때 또는 경매개시결정송달이 된 때 압 류의 효력이 발생된다. ,O,또는'이 '및'으로 바뀌면 틀려요.
3-2-1. 경매절차,592,제3자는 권리를 취득할 때에 경매신청 또는 압류가 있다는 것 을 알았을 경우에도 압류에 대항할 수 있다.,X,제3자는 권리를 취득할 때에 경매신청 또 는 압류가 있다는 것을 알았을 경우에는 압류에 대항하지 못해요.
3-2-1. 경매절차,593,경매신청이 취하되면 압류의 효력은 소멸된다. ,O,채무변제하고 취하되면 압류는 소멸
3-2-1. 경매절차,594,매수신고가 있은 후에는 경매신청이 취하되더라도 그 경매신청 으로 발생된 압류의 효력은 소멸되지 않는다.,X,수신고(입찰)가 있은 뒤에는 최고가와 차 순위의 동의를 얻으면 취하할 수 있으므로 매수신고가 있은 뒤에도 동의를 얻어 경매 가 취하되면 압류의 효력은 소멸되죠.
3-2-1. 경매절차,595,민법·상법그 밖의 법률에 의하여 우선변제청구권이 있는 채권자는 매각결정기일까지 배당요구를 할 수 있다.,X,"배당요구 종기는 ‘첫 매각기일 이전'으로 정 해요. 예전에 개정되기 전에는 '매각결정기 일'까지 배당요구를 할 수 있었기 때문에 출 제된 지문이니, 틀린 지문을 익혀야 해요."
3-2-1. 경매절차,596,집행법원은 배당요구의 종기를 첫 매각기일 이전으로 정한다.,O,이렇게 하면 맞는 거예요.
3-2-1. 경매절차,597,경매개시결정이 등기된 뒤에 가압류를 한 채권자는 배당요구를 할 수 있다.,O,가압류는 원래 배당요구를 하지 않아도 되지만 경매등기 이후의 가압류는 배당요 구를 해야 배당받을 수 있거든요.
3-2-1. 경매절차,598,부동산의 매각은 호가경매 기일입찰 또는 기간입찰 의세 가지 방법 중 집행법원이 정한 방법에 따른다.,O,세가지 방법 중 법원이 선택해요.
3-2-1. 경매절차,599,기일입찰에서 매수신청인은 보증으로 매수가격의 10분의 1에 해당하는 금액을 집행관에게 제공해야 한다. ,X,워낙 잘 나오는 지문이잖아요. '최저매각 가격의 10분의 1’이죠.
3-2-1. 경매절차,600,차순위매수신고는 그 신고액이 최고가매수신고액에서 그 보증 액을 뺀 금액을 넘지 않는 때에만 할 수 있다.,X,최고가액에서 매수신청 보증금을 뺀 금액 을 넘는 때만 할 수 있어요.
3-2-1. 경매절차,601,매각결정기일은 매각기일부터 1주 내로 정해야 한다.,O,매각기일 종료 후 1주 이내로 매각결정기 일을 잡아 허가 또는 불허가 결정을 해요.
3-2-1. 경매절차,602,토지거래허가 대상 토지를 경매로 취득하려는 경우 토지거래허 가를 받아야한다.,X,경매는 '농취증'만 받는다. 부동산거래신 고도하지 않아요.
3-2-1. 경매절차,603,농지경매의 경우 매수신고시 농지취득자격증명을 제출해야 한다.,X,이렇게 틀리게 잘 나와요. 입찰할 때 내는 게아녜요. 농취증을 매각결정기일까지 제출해야 매각허가를 받을 수 있어요. 허 가를 받을 수 있는 조건이죠.
3-2-1. 경매절차,604,매각허가결정에 대하여 항고하고자 하는 사람은 보증으로 최저 매각가격의 10분의 1에 해당하는 금전을 공탁해야 한다.,X,매수신청보증은 최저매각가격의 10분의 1 항고보증금은 매각대금의 10분의 1
3-2-1. 경매절차,605,매각허가결정이 확정되면 매수인은 법원이 정한 대금지급기일 에 매각대금을 지급해야 한다.,X,대금지급기한까지 주의해야 해요.
3-2-1. 경매절차,606,매수인은 매각대금이 지급되어 법원사무관 등이 소유권이전등 기를 촉탁한 때에 매각의 목적인 권리를 취득한다.,X,"소유권을 취득하는 시기를 묻는 지문이에 요, 매수인은 매각대금을 다 낸 때 매각의 목적인 권리를 취득한다."
3-2-1. 경매절차,607,차순위매수신고인은 매각기일이 종결된 때 즉시 매수신청의 보 증을 똘려줄 것을 요구할 수 있다.,X,"2등부터 꼴등까지는 매각기일이 종결된 때, 2등(차순위)은 매수인이 매각대금을 완납한 때 돌려받아요"
3-2-1. 경매절차,608,"매수인이 대금지급기한까지 그 의무를 완전히 이행하지 아니하 였고, 차순위매수신고인이 없는 때에는 법원은 직권으로 부동 산의 재매각을 명하여야 한다",O,잔금 안 내면 '재매각
3-2-1. 경매절차,609,"재매각 절차에서는 종전의 최저매각가격, 그 밖의 매각조건을 적용한다.",O,재매각은 최저매각가격을 저감시키지 않 아요
3-2-1. 경매절차,610,재매각절차에서 전의 매수인은 매수신청을 할 수 있다.,X,"재매각에서 전 매수인은 매수신청을 할 수없고요, 매수신청보증도 돌려달라 할 수없어요"
3-2-2. 권리분석,611,담보목적이 아닌 최선순위 소유권이전등기청구권 보전의 가등 기는 매각으로 소멸하지 않는다.,O,"저당권, 근저당권, 압류, 가압류, 담보가 등기(5개 권리)는 매각으로 항상 소멸하 고지상권, 지역권, 전세권, 임차권, 보전 가등기)는 5개 권리보다 선순위에 있으면 인수되고, 5개 권리보다 후순위에 있으면 소멸돼요."
3-2-2. 권리분석,612,담보가등기 권리는 그 부동산의 매각에 의하여 소멸된다.,O,5개 권리는 항상 소멸
3-2-2. 권리분석,613,최선순위 전세권은 전세권자가 배당요구를 하더라도 매수인이 인수한다.,X,선순위 전세권은 배당요구를 하면 소멸해요
3-2-2. 권리분석,614,"최선순위의 전세권자는 배당요구 없이도 우선변제를 받을 수 있으며, 이때 전세권은 매각으로 소멸한다.",X,선순위 전세권은 배당요구를 하지 않으면 배당을 받을 수 없고 인수돼요.
3-2-2. 권리분석,615,최선순위의 지상권은 경매절차의 매수인이 인수한다.,O,1번 해설을 보세요.
3-2-2. 권리분석,616,후순위 저당권자가 경매신청을 하였더라도 매각부동산 위의 모 든 저당권은 매각으로 소멸된다.,O,모든 저당권은 경매로 소멸하니까요.
3-2-2. 권리분석,617,부동산에 대한 경매개시결정의 기입등기 전에 유치권을 취득한 자는 경매절차의 매수인에게 자기의 유치권으로 대항할 수 있다.,O,경매등기 전에 성립된 유치권자는 경락인 에게 대항할 수 있어요.
3-2-2. 권리분석,618,유치권자는 유치권이 성립된 목적물을 경매로 매수한 자에 대 하여 그 피담보채권의 변제를 청구할 수 있다.,X,유치권자는 경락인에 대하여 그 피담보채 권의 변제가 있을 때까지 유치목적물인 부 동산의 인도를 거절할 수 있을 뿐이고 그 피담보채권의 변제를 청구할 수는 없어요.
3-2-2. 권리분석,619,매수인은 매각부동산 위의 유치권자에게 그 유치권으로 담보하 는 채권을 변제할 책임이 없다.,X,매수인은 유치권자에게 그 유치권으로 담 보하는 채권을 변제할 책임이 있다.
3-2-2. 권리분석,620,압류의 효력이 발생한 후에 경매목적물의 점유를 취득한 유치 권자는 매수인에게 대항할 수 없다.,O,매등기(압류) 후에 점유를 취득한 유치 권자는 매수인에게 대항할 수 없어요.
"3-3. 매수신청대리인 등록, 대리권범위",621,미등기건물은 매수신청대리의 대상물이 될 수 없다.,X,미등기 건물도 경매신청이 가능하므로 매 수신청대리 대상물이 될 수 있지요
"3-3-3. 매수신청대리인 등록, 대리권범위",622,매수신청대리인이 되려면 관할 지방자치단체의 장에게 매수신 청대리인 등록을 하여야 한다.,X,지방법원장에게 등록해야죠
"3-3-3. 매수신청대리인 등록, 대리권범위",623,공인중개사인 개업공인중개사는 매수신청대리인으로 등록하지 않더라도 경매대상 부동산에 대한 권리분석 및 알선을 할 수 있다.,O,경매 매수신청대리를 위해서만 법원에 등 록하는 것이니까요.
"3-3-3. 매수신청대리인 등록, 대리권범위",624,공인중개사는 중개사무소 개설등록을 하지 않으면 매수신청대 리인으로 등록할 수 없다.,O,공인중개사 또는 법인으로서 중개사무소 개설등록을 먼저 해야 매수신청대리인으 로 등록할 수 있어요.
"3-3-3. 매수신청대리인 등록, 대리권범위",625,소속공인중개사는 매수신청대리인 등록을 신청할 수 있다.,X,소공은 대리등록 안 돼요.
"3-3-3. 매수신청대리인 등록, 대리권범위",626,모든 개업공인중개사가 매수신청대리인으로 등록할 수 있는 것 은 아니다.,O,부칙상 개공은 매수신청대리를 할 수 없 으니까요.
"3-3-3. 매수신청대리인 등록, 대리권범위",627,개업공인중개사는 매수신청대리 보수표를 중개사무소 안의 보 기 쉬운 곳에 게시해야 한다.,O,"매수신청대리 등록증, 매수신청대리 보수 표를 게시해야해요."
"3-3-3. 매수신청대리인 등록, 대리권범위",628,개업공인중개사는 등록신청일 전 1년 이내에 지방법원장이 지 정하는 교육기관에서 부동산경매에 관한 실무교육을 이수해야 한다.,X,"매수신청대리 등록은 '지방법원장'에게, 매수신청대리 실무교육은 ‘법원행정처장 바뀌지 않도록 주의!"
"3-3-3. 매수신청대리인 등록, 대리권범위",629,법인인 개업공인중개사의 경우 대표자 및 임원 또는 사원 전원 이 경매 실무교육을 받아야 한다.,X,경매실무교육은 법인의 경우 대표자만 받 아요
"3-3-3. 매수신청대리인 등록, 대리권범위",630,폐업신고를 하여 매수신청대리인 등록이 취소된 후 3년이 지나 지 않은 자는 매수신청대리인 등록을 할 수 없다.,X,중개업의 폐업 및 대리업의 폐업은 매수 신청대리 절대적 등록취소사유이고 이를 이유로 대리 등록취소가 된 경우는 결격 에 해당하지 않는 것이 당연하죠.
"3-3-3. 매수신청대리인 등록, 대리권범위",631,민사집행법 규정에 따른 차순위매수신고를 대리할 수 있다.,O,7가지 대리할 수 있는 업무예요.
"3-3-3. 매수신청대리인 등록, 대리권범위",632,매수신청대리의 위임을 받아 민사집행법에 따른 공유자의 우 선매수신고를 할 수 있다.,O,이것도 대리할 수 있고
"3-3-3. 매수신청대리인 등록, 대리권범위",633,공유자의 우선매수신고에 따라 차순위매수신고인으로 보게 되 는 경우 그 차순위매수신고인의 지위를 포기하는 행위는 매수 신청대리권의 범위에 속하지 않는다.,O,이것도 대리할 수 있으며
"3-3-3. 매수신청대리인 등록, 대리권범위",634,매수신청대리의 위임을 받아 민사집행법의 규정에 따른 매수 신청보증의 제공을 할 수 있다.,O,이것도 대리할 수 있어요.
"3-3-3. 매수신청대리인 등록, 대리권범위",635,매수신청대리의 위임을 받아 법원의 매각허가결정에 대하여 항 고할 수 있다.,X,이건 못해요. 즉시항고(×)
"3-3-3. 매수신청대리인 등록, 대리권범위",636,입목에 관한 법률에 따른 입목은 매수신청대리의 대상물이 될 수 없다.,X,"목, 광업재단, 공장재단: 중개대상물ㅇ 부동산거래신고X, 매수신청대리ㅇ"
"3-3-3. 매수신청대리인 등록, 대리권범위",637,매수신청대리인으로 등록한 개업공인중개사는 업무를 개시하 기 전에 보증보험 또는 공제에 가입하거나 공탁을 해야 한다.,X,중개업: 등록을 한 때에는 업무개시 전에 대리: 매수신청대리 등록신청 전에 매수신청대리에서는 대리인으로 등록을 하고 업무개시 전에라고 나오면 틀려요.
"3-3-3. 매수신청대리인 등록, 대리권범위",638,매수신청대리인이 되고자 하는 개업공인중개사는 보증보험 또 는 협회의 공제에 가입하거나 공탁을 해야 한다.,O,이렇게 해야 옳은 지문이 돼요.
"3-3-3. 매수신청대리인 등록, 대리권범위",639,손해배상책임을 보장하기 위한 보증은 매수신청대리인 등록기 준에 해당한다.,X,"등록요건이란 등록신청 전에 미리 갖출 요건을 말하니 보증은 중개사무소 개설등 록기준(×), 매수신청대리 등록기준(○)"
"3-3-3. 매수신청대리인 등록, 대리권범위",640,중개업과 매수신청대리의 경우 공인중개사인 개업공인중개사 가 손해배상책임을 보장하기 위한 보증을 설정해야 하는 금액 은 같다.,O,"법인 4억원, 분사무소마다 2억원, 공인중 개사 2억원"
"3-3-3. 매수신청대리인 등록, 대리권범위",641,개업공인중개사는 매수신청대리인이 된 사건에 있어서 매수신 청으로서 매수신청을 하는 행위를 해서는 아니 된다.,O,매수신청대리 금지행위죠
"3-3-3. 매수신청대리인 등록, 대리권범위",642,개업공인중개사가 중개사무소를 이전한 경우 그 날부터 10일 이내에 관할 지방법원장에게 그 사실을 신고하여야 한다.,O,"개업공인중개사는 아래 사유가 있을 때마다 10일 이내 지방법원장에게 신고해야 한다. 1. 중개사무소 이전, 분사무소설치 중개업의 휴업·폐업 2. 자격취소·자격정지, 중개업 등록 취소·업무정지"
3-3-4. 매수신청대리 절차,643,개업공인중개사는 대리행위를 할 경우에는 매각장소 또는 집행 법원에 직접 출석해야 한다.,O,그렇죠.
3-3-4. 매수신청대리 절차,644,개업공인중개사는 매수신청대리 사건카드에 위임받은 사건에 관한 사항을 기재하고 서명날인 한 후 이를 3년간 보존해야한다.,X,"매수신청대리 사건카드 5년, 매수신청대 리 확인·설명서는 사건카드에 철하여 5년"
3-3-4. 매수신청대리 절차,645,개업공인중개사는 매수신청대리 사건카드에 중개행위에 사용 하기 위해 등록한 인장을 사용하여 서명날인 해야 한다.,O,"사건카드, 대리 확인·설명서, 보수 영수 증에는 중개행위를 하기 위해 등록관청에 등록한 인장으로 서명날인 해야 해요"
3-3-4. 매수신청대리 절차,646,개업공인중개사가 매수신청대리를 위임받은 경우 해당 매수신 청대리 대상물의 경제적 가치에 대하여 위임인에게 설명해야 한다.,O,"확인·설명사항은 세 가지: 권리관계, 경 제적가치, 매수인이 부담해야 할 사항"
3-3-4. 매수신청대리 절차,647,개업공인중개사가 매수신청대리 대상물에 대한 확인·설명 사 항을 서면으로 작성하여 사건카드에 철하여 3년간 보존해야하 며 위임인에게 교부할 필요는 없다.,X,확인·설명서를 작성하여 위임인에게 교 부하고 사건카드에 철하여 5년간 보존
3-3-4. 매수신청대리 절차,648,개업공인중개사는 매수신청대리에 관한 보수표와 보수에 대하 여 위임인에게 위임계약 전에 설명해야 한다.,O,위임계약이 체결된 때 설명해야 한다고 하면 틀려요.
3-3-4. 매수신청대리 절차,649,개업공인중개사는 보수를 받은 경우 예규의 양식에 의한 영수 증을 작성하여 서명날인한 후 위임인에게 교부해야 한다.,O,영수증 서식이 있다는 것이 중요해요.
3-3-4. 매수신청대리 절차,650,보수의 지급시기는 당사자 간 약정이 없으면 매각허가결정일로 한다.,X,보수의 지급시기는 약정이 있으면 약정이 우선하고 약정이 없을 때에는 매각대금의 지급기한일로해요.
3-3-4. 매수신청대리 절차,651,개업공인중개사가 중개업을 휴업한 경우 관할 지방법원장은 매 수신청대리인 등록을 취소해야 한다.,X,"폐업, 자격취소, 중개업 등록취소: 매수 신청대리 절대적 등록취소 휴업, 자격정지, 중개업 업무정지: 매수 신청대리 절대적 업무정지"
3-3-4. 매수신청대리 절차,652,매수신청대리인의 공인중개사 자격이 취소된 경우 지방법원장 은 매수신청대리인 등록을 취소해야 한다.,O,"폐업·취소는 절등취, 휴업·정지는 절업"
3-3-4. 매수신청대리 절차,653,개업공인중개사가 중개사무소 개설등록이 취소된 경우 시·도 지사는 매수신청대리인 등록을 취소해야 한다.,X,지방법원장이 매수신청대리인 등록취소 처분을 해요.
3-3-4. 매수신청대리 절차,654,개업공인중개사가 매수신청대리 업무의 정지처분을 받을 수 있 는 기간은 1개월 이상 6개월 이하이다.,X,1개월 이상 2년 이하
3-3-4. 매수신청대리 절차,655,개업공인중개사가 매수신청대리 업무정지처분을 받은 때에는 업무정지사실을 해당 중개사무소의 출입문에 표시해야 한다.,O,"등록취소는 표시제거, 업무정지는 출입문 에 표시해요."
3-3-4. 매수신청대리 절차,656,매수신청대리인 등록을 한 개업공인중개사는 법원행정처장이 인정하는 특별한 경우 그 사무소의 간판에 '법원'의 휘장등을 표시할 수 있다.,O,"법원행정처장이 인정하는 특별한 경우를 제외하고는 사무소 간판에 법원의 명칭 휘장 등을 표시할 수 없고, 법원행정처장 이 인정하는 경우에는 표시할 수 있어요."
